ID	カード名	作成者	ステータス	種類	属性	ATC	DEF	レアリティ	デバフ効果（エフェクトのみ）	カード説明文（１００文字）	フィードバック
C021	火守のハウンド	佐怒賀	実装	キャラクター	火	100	100	N		蒸気機関の廃熱で動く、自律AI搭載の猟犬種。全身の歯車から火花を散らし、電脳空間の侵入者を物理的に排除する。錆びついた真鍮の牙には、過熱した高圧蒸気が常に循環し、侵入者のログごと噛み砕き、消去する。	OKです。
C022	荒海のイッカク騎士	佐怒賀	実装	キャラクター	水	100	100	N		雲の隙間から光差す嵐の海を支配する孤高の騎士。その鋭利な角槍は荒波の魔力を纏い、立ちはだかる邪悪を容赦なく貫き、砕く。波濤に揉まれし岩礁に立ち、海の平穏を乱す不届き者を一突きで地の底へ沈める戦士なり。	OKです。
C023	樹界の防壁 ガイア	佐怒賀	実装	キャラクター	木	100	100	N		深い森に棲む樹皮の鱗を持つ竜。翼を持たず大地を歩み、その尻尾には色とりどりのキノコや青草が茂る。木製の剣と盾を携え森を巡るが、決して争わず豊かな種を撒く。命を育むことに専念する、心優しき森の守護者。	OKです。
C024	ゴールドゴブリン	佐怒賀	実装	キャラクター	金	100	100	N		金属性の自律人形。スチームパンクの蒸気機関とサイバーパンクの電子回路が融合した、この秘密基地の守護者である。左手に握られた金鉱石は、基地の演算能力を高める重要な触媒であり、絶えぬ駆動音が静かに響く。	スチームパンクの要素もあってＧｏｏｄです！ ＯＫです！
C025	砂塵の亡霊	佐怒賀	実装	キャラクター	土	100	100	N		廃棄エリアの砂塵に消去データの残滓が宿り、実体を得た亡霊。砂のフードに潜む双眸が鋭く光り、周囲には浮遊する石と錆びた歯車が渦巻く。荒野を彷徨い、デジタルと物質が混ざり合う境界を守る、不気味な守護者だ。	いい感じですね！ OKです！
C026	白熱する未完の知能	佐怒賀	実装	キャラクター	光	100	100	N		スチームパンクの情景が広がるアジトの深部。蒸気機関の熱気に中てられ、不定形の光子が激しく明滅を繰り返す。その未完成な姿は、電子の海と歯車の機構が交差するこの場所で、新たなAIの胎動を予感させている。	OKです。
C027	影纏いの歯車	佐怒賀	実装	キャラクター	闇	100	100	N		無数の歯車とデジタル信号が織りなす力で、すべてを飲み込む影を操る。その冷徹な意志は、アジトの秘密を守護するスチームパンクの最深部に潜む闇の番人として君臨する。	OKです。
C028	熔鉄のゲル	佐怒賀	実装	キャラクター	火	100	100	N		溶鉱炉職員の天敵。精巧な歯車を熱で歪ませ、AI制御の安全装置をハッキングするように焼き切る。物理的な破壊とシステム汚染を同時に引き起こすため、基地の維持管理を脅かす最も忌むべき存在として定義される	OKです。
C029	蒸気霊：アビス	佐怒賀	実装	キャラクター	水	100	100	N		基地の配管や冷却水、電脳空間の結露に潜む水属性の魔物。蒸気機関の熱を奪い、電子回路をショートさせる。実体とデータの間を揺らぎ、あらゆる水分を介して侵入するこの個体は、掃討リストの末端に刻まれている。	OKです。
C030	回路の庭師	佐怒賀	実装	キャラクター	木	100	100	N		蒸気機関の熱を養分に変え、電脳回路が張り巡らされた植物群を管理する。歯車と蔦が絡み合うこの緑園は、鉄の基地における唯一の酸素供給源である。静寂の中、自動メンテナンスの駆動音だけが深緑の影に響く。	OKです。
C031	蒸気掘削機ピコ	佐怒賀	実装	キャラクター	金	100	100	N		蒸気機関と高度AIを搭載した自律型採掘ユニット。電子の瞳で地層を解析し、歯車の駆動で硬い岩盤を穿つ。深層に眠る高純度な金鉱石を効率的に特定し、アジトの静寂の中に金属音だけを響かせる。	OKです。
C032	鋼掘の土竜「モウル」	佐怒賀	実装	キャラクター	土	100	100	N		蒸気機関の振動をデジタル信号へ変換し、地下の土壌データを解析する大型自律土竜。真鍮の爪が硬質な岩盤を砕き、スチームパンクの拠点に安定した大地を構築する。土属性のシステム維持に特化した基盤整備ユニット。	OKです。
C033	燐光の整備士	佐怒賀	実装	キャラクター	光	100	100	N		蒸気と歯車が軋む深部。デジタル回路を内蔵した発光素子が、静寂の中に淡い光を灯す。巡回する整備士の指先から零れる燐光は、薄暗い秘密基地の影を暴き出し、未知のコードを静かに書き換えていく。	OKです。
C034	闇夜のセンサー	佐怒賀	実装	キャラクター	闇	100	100	N		闇属性。TOYBOXの排気管に潜む自律型警備ユニット。蒸気機関の熱源を感知し、デジタル処理された赤外線で侵入者を捕捉する。歯車の駆動音と共に、秘密基地の静寂を守り続ける。	OKです。
C035	サーマル・ドローン	佐怒賀	実装	キャラクター	火	100	100	N		アジトの室温を管理する自律型浮遊機。赤外線センサーで微細な温度変化を検知し、内蔵された熱交換器から高熱を放出してシステムを最適化する。その赤い光が通路を巡回する限り、機械の鼓動が止まることはない。	OKです。
C036	潜核のアングラ	佐怒賀	実装	キャラクター	水	100	100	N		浸水した最下層区画を漂う、電脳化された深海魚。誘引灯から放たれる青い光は、蒸気機関の廃熱をデジタル信号へ変換し、アジトの防衛ログを密かに収集し続けている。その眼には、静寂に沈んだ真実のみが映る。	その眼には、の「そ」が画像の方で抜けています。 ↓ OKです
C037	噴霧キノコ	佐怒賀	実装	キャラクター	木	100	100	N		排熱ダクトの湿り気に群生する。蒸気圧の上昇に伴い、神経を麻痺させる毒胞子を散布する。その霧はデジタルの視界をも遮り、アジト深部への侵入を物理・電子の両面から阻害する。	OKです。
C038	クロムバグ	佐怒賀	実装	キャラクター	金	100	100	N		蒸気機関の配管を侵食し、高純度の金鉱石を主食とする機械生命体。電子回路を狂わせる磁気を帯びており、発掘者にとっては基地の動力源を脅かす天敵。その外殻は、喰らった鉱物の鈍い金色に輝いている。	OKです。
C039	鋼鉄鴉の「削」	佐怒賀	実装	キャラクター	土	100	100	N		蒸気機関と電子脳を搭載したカラス型自律機。土壌の養分をデジタル信号へ変換・吸い上げ、大地を不毛な砂へと変える。歯車の駆動音と共に、農地をサイバー空間の残滓へと塗り替える無慈悲な開拓者。	OKです。
C040	光喰いのギギ	佐怒賀	実装	キャラクター	光	100	100	N		アジトの電圧を強制的に上昇させ、回路を焼き切る。一時的な出力増強と引き換えに、稼働中の全デバイスに致命的なエラーを誘発する。過剰な光が歯車の隙間から漏れ出し、システムの崩壊が静かに進行する。	OKです。
C041	宵闇のムササビ	佐怒賀	実装	キャラクター	闇	100	100	N		アジトの基幹システムに一時的なショートを引き起こす。ムササビによる配線切断が物理的な闇とデジタル・エラーを誘発。復旧までの空白時間は、隠密行動を常とする者にとって欠かせぬ空白となる。	OKです。
C042	炭化の監視員	佐怒賀	実装	キャラクター	火	100	100	N		基地の最下層に座す執行者。侵入者を検知次第、物理的な炎と高負荷な熱パッチを同時に強制実行する。対象が灰へと変わるまでその監視の目は消えず、消失した存在はログの一部として永久に保管される。	OKです。
C043	水路の清掃機	佐怒賀	実装	キャラクター	水	100	100	N		アジトの排水溝に溜まったデジタルの残滓を回収する小型メカ。真鍮のフィルターで濾過されたデータ片は、蒸気機関を回す純粋なエネルギーへと再変換される。配管の深部で、今日も無機質な洗浄音が反響している。	OKです。
C044	樹皮の盾兵	佐怒賀	実装	キャラクター	木	100	100	N		強化された樹皮を多層装甲として纏う警備用機体。蒸気機関の排熱を効率よく逃がしつつ、物理衝撃を吸収する設計が施されている。デジタル汚染に耐性を持つ硬質な繊維は、アジトの静寂を守る強固な盾として機能する。	OKです。
C045	金箔の残像	佐怒賀	実装	キャラクター	金	100	100	N		高速移動する機体の排熱が、金色の光跡を描く。デジタル処理された視覚情報にのみ残る、スチームパンクの物理的極致。網膜に焼き付く黄金のノイズは、加速の代償として記録された、実在しないはずの軌跡。	OKです。
C046	泥濘の工作兵	佐怒賀	実装	キャラクター	土	100	100	N		特殊な粘土を用いて防壁を補強する。歯車仕掛けの左腕が土の組成を瞬時に変更し、物理衝撃を吸収するデジタル回路を土壁へ組み込んでいく。蒸気圧と演算の同期が、アジトの堅牢さを冷徹に担保し続ける。	OKです。
C047	閃光の配達員	佐怒賀	実装	キャラクター	光	100	100	N		蒸気バイクを操り、暗号化された光ディスクを届ける。速度が頂点に達したとき、車体から漏れる光が残像となり、追跡者のセンサーを無効化する。その軌跡は、暗いアジトに一筋の電子の道筋を描き出す。	OKです。
C048	廃基板の掃除屋	佐怒賀	実装	キャラクター	闇	100	100	N		蒸気管の影で、廃棄された演算回路を回収し続ける自動人形。煤けた歯車と青いLEDの光が、主のいないアジトで冷たく明滅する。再構築を待つ電子の残骸が、その背の籠に積み上がっていく。	OKです。
C049	火床の見習い者	佐怒賀	実装	キャラクター	火	100	100	N		古いボイラーの脈動をAIで解析し、最適解の火力を探る。錆びたバルブと最新チップの接続に手を焼きつつ、噴き出す蒸気の中で基礎コードを刻み続ける。未熟な火花が、基地の巨大な歯車を微かに動かし始めた。	OKです。
C050	水門の見習いソラ	佐怒賀	実装	キャラクター	水	100	100	N		蒸気機関の熱を鎮めるため、巨大な水門を管理する見習い職人。電脳回路のオーバーフローを防ぐべく、膨大な演算データと冷却水の流量を同期させる。未熟ながらも、静かに正確な流量制御を繰り返し、アジトの深淵を守る。	OKです。
C051	修復見習いハル	佐怒賀	実装	キャラクター	木	100	100	N		蒸気とノイズが渦巻くアジトの片隅、彼は修復見習いとして壊れた機械に新たな木枠を添える。断線した回路を繋ぎ、止まった鼓動を再び刻ませるその手元には、未熟ながらも職人としての静かな執着が滲んでいる。	OKです。
C052	回路編みの少女	佐怒賀	実装	キャラクター	金	100	100	N		真鍮の針を操り、高圧蒸気パイプの熱を避けて光ファイバーを縫い合わせる。複雑な歯車機構にデジタル信号を同期させる技術は、まだ見習いの域を出ない。それでも彼女が編む回路は、アジトに確かな鼓動を灯す。	OKです。
C053	回路石の研磨師・リノ	佐怒賀	実装	キャラクター	土	100	100	N		地層から掘り出した記憶媒体を、蒸気油の染みた布で磨き上げる少女。読み取り不能な結晶に電子の火を灯す作業は、未熟ながらも正確。微細な回路が土埃を脱ぎ捨て、青い光を放つ瞬間だけを静かに見つめている。	OKです。
C054	光源の運搬手・チト	佐怒賀	実装	キャラクター	光	100	100	N		未精製の光エネルギーをタンクに詰め、蒸気が渦巻く階層を独り進む。背後から漏れる白光は、錆びた歯車と電子の煤にまみれた秘密基地を淡く照らす。その光の航跡こそが、このアジトに潜むAIたちの生命線となる。	OKです。
C055	模造の解体・ゼノ	佐怒賀	実装	キャラクター	闇	100	100	N		蒸気と回路が混ざり合うアジトの隅。少年は無邪気な手つきで職人の傑作を暴き、電子の配線を組み替える。精密な解体は彼にとって単なる遊び。闇に溶けるその指先が、完璧な機構に致命的な不具合を滑り込ませる。	OKです。
C056	蒸気弾き・テオ	佐怒賀	実装	キャラクター	火	100	100	N		アジトの排熱ダクトで暖を取る未熟な少年。スクラップの歯車にAIチップを埋め込み、独自の「器」を組み上げる。蒸気の旋律に合わせて槌を振るうその手元には、まだ制御しきれない青い火花が激しく散っている。	OKです。
C057	洗浄見習い・ルカ	佐怒賀	実装	キャラクター	水	100	100	N		真鍮の歯車を伝う煤と、電子基板にこびりついた電磁塵を、高圧洗浄水で丹念に洗い流す。未熟な手つきながらも、AIが算出する洗浄ルートを忠実に辿り、蒸気と回路が混在するアジトの静かな脈動を維持し続ける。	OKです。
C058	芽吹きの補修員・ヒナ	佐怒賀	実装	キャラクター	木	100	100	N		破損した接続端子に緑のパッチを当てる。蒸気機関と電脳の狭間で、未熟な手つきながらもシステムに生じた欠落を埋めていく。木製の歯車から漏れる熱気が、彼女の植えた電子の苗を静かに、だが確実に育てていた。	OKです。
C059	見習い採掘生・ジル	佐怒賀	実装	キャラクター	金	100	100	N		深層の岩盤から導電性の高い鉱石を切り出す見習い。暗い坑道で、古びたツルハシが硬い地層を叩くたびに、青白い電子の火花が飛び散る。その微かな発光だけを頼りに、彼女は今日も価値ある金の脈動を追い続ける。	OKです。
C060	防塵作業員・レン	佐怒賀	実装	キャラクター	土	100	100	N		サーバー室へ侵入する土砂を阻む未熟な少年。防塵フィルタの摩耗をコンソールで監視し、遮断隔壁の補修を繰り返す。網膜に映るエラーログが消えるまで、彼は煤けた手で物理的な隙間を埋める作業を淡々と続ける。	OKです。
C061	発電補助員・ノア	佐怒賀	実装	キャラクター	光	100	100	N		巨大な蒸気タービンの傍らで、不安定な電圧計を注視する未熟な職人。真鍮のレバーを握る手はまだ震えるが、彼が送電経路を切り替えるたび、秘密基地の深層に眠るAIの回路へ純和な光が力強く供給されていく。	OKです。
C062	夜警・ネル	佐怒賀	実装	キャラクター	闇	100	100	N		蒸気霧に紛れる電子のノイズを、徹夜で追い続ける未熟な番人。監視モニターの砂嵐の中に、実体のない影が横切るのを彼女だけが知っている。重厚な歯車が軋む音と共に、彼女の意識は深い闇へと沈んでいく。	OKです。
C063	炉掃除・ヨミ	佐怒賀	実装	キャラクター	火	100	100	N		溶炉の底に溜まる不純物を熱いうちに除去する未熟な職人。循環を止めないことが秘密基地の生命線を守る唯一の手段だと教え込まれている。AIが示す最適温度の指示を頼りに、今日も火花散る過酷な現場に立つ。	OKです。
C064	浄水者・セナ	佐怒賀	実装	キャラクター	水	100	100	N		蒸気機関を冷やすための水をきれいにする、見習いの少年。水槽の底に沈んだデータの破片を拾い集めるのが日課。澄んだ水面は、彼のまだ未熟な顔と、秘密基地の複雑な電子回路を静かに映し出している。	OKです。
C065	苗木保護官・シノ	佐怒賀	実装	キャラクター	木	100	100	N		蒸気のススから小さな苗を守る見習い。透明な膜をそっと張り、汚れがつかないように見守ります。いつか基地を支える大きな木に育つ日を信じて、毎日シミュレーションを繰り返す、心優しい少女です。	OKです。
C066	鍍金見習・ハル	佐怒賀	実装	キャラクター	金	100	100	N		蒸気の力で金の霧を吹きつけ、機械の表面をコーティングする見習い職人。錆びやすい鉄のパーツを黄金の膜で守り、電子回路の接触を助けます。地下基地のシステムを長く持たせるために、欠かせない作業を担います。	OKです。
C067	清掃員・ニノ	佐怒賀	実装	キャラクター	土	100	100	N		回路に詰まった土砂を小型吸塵機で取り除く見習いの少女。蒸気で泥になった汚れを拭き取り、精密機器の故障を防ぐ。地味な作業の積み重ねがシステムの寿命を延ばす。足元の土を掃く彼女の背中に、確かな経験が宿る。	OKです。
C068	電球・テスラ	佐怒賀	実装	キャラクター	光	100	100	N		フィラメントを巻く指先が震える見習い職人。蒸気の湿気に負けない、理想の電球を作るため試行錯誤を繰り返している。彼が灯す小さな光は、薄暗いアジトの隅を静かに、けれど確かに照らし出している。	OKです。
C069	泥棒・ジル	佐怒賀	実装	キャラクター	闇	100	100	N		物理キーと電子ロックを同時に操る未熟な盗賊。蒸気の音に紛れて金庫へ忍び寄り、隠されたデータを静かに盗み出す。彼が触れた機械は吐息のような蒸気を上げ、秘められた記憶をすべて差し出してしまう。	OKです。
C070	灰錫の観測機	井伊	実装	キャラクター	火	100	100	N		蒸気機関で駆動する自律型ドロイド。レンズの奥では高度な論理回路が明滅し、アジトの熱源管理を担う。錆びついた外装は、幾多のサイバー攻撃を物理的な排熱のみで凌ぎきった証左である。	OKです。多少意味が難しい説明なので簡単でもいいかもしれません。
C071	霧使い・ナギ	佐怒賀	実装	キャラクター	水	100	100	N		超音波で水を霧に変え、秘密基地を隠す見習いの少年。デジタル回路を湿気から守りつつ、敵のセンサーを乱す絶妙な濃度を調整します。まだ未熟なため霧を出しすぎることもありますが、その技術は基地に不可欠です。	OKです。
C072	大工・ガロ	佐怒賀	実装	キャラクター	木	100	100	N		木の板と真鍮のパーツを組み合わせ、基地の熱を逃がす塔を作る見習い職人。デジタル回路のノイズを吸い取るために、木の年輪を慎重に並べている。未熟ながらも、機械と自然を繋ごうと毎日ハンマーを振るう。	OKです。
C073	導線工・リン	佐怒賀	実装	キャラクター	金	100	100	N		秘密基地の壁に銅線を張り巡らせる見習い職人。蒸気機関のパワーをデジタル信号へ変えるため、慣れない手つきでコイルを巻く。彼女が繋ぐ不格好な配線は、今日もアジトに新たな輝きと熱を送り届けている。	OKです。
C074	削岩者・レム	佐怒賀	実装	キャラクター	土	100	100	N		超振動ドリルを抱え、基地の壁を掘り進める未熟な少年。ゴーグルに映る地層データを頼りに、蒸気圧で岩盤を穿つ。飛び散る土にまみれながら、彼はまだ見ぬ基地の最深部を目指して、今日もただ土を削り続ける。	OKです。
C075	光脈手・シン	佐怒賀	実装	キャラクター	光	100	100	N		壁の裏を流れるエネルギーの鼓動を感じ取り、アジトの光を整える少年。まだ技術は未熟だが、真鍮の管に耳を当てて、どこに電力を送るべきか懸命に判断している。彼が触れると、消えかかった回路に再び命が灯りだす。	急に説明が敬語になっているのが気になります。 ↓ OKです。
C076	暗部・カグラ	佐怒賀	実装	キャラクター	闇	100	100	N		暗闇の中、電子の目だけで世界を見る見習いの少女。音や熱を数値として捉え、影に潜んで標的を追い詰めるだろう。冷たいモニター越しに映る景色だけが、彼女にとっての真実であり、世界のすべてなのだ。	急に説明が敬語になっているのが気になります。 ↓ OKです。
C077	廃材焼・モズ	佐怒賀	実装	キャラクター	火	100	100	N		壊れた部品を炉で溶かす、未熟な職人。機械が消える瞬間の熱をじっと見つめ、次の素材へ変える作業を繰り返している。彼のまわりには、いつも電子回路が焦げた匂いと、消えかかった火花が静かに舞っている。	OKです。
C078	氷削り出し・トウマ	佐怒賀	実装	キャラクター	水	100	100	N		熱暴走するAIを冷やすため、専用の氷を削り出す見習い職人。電子の熱を奪う冷却結晶を、一つずつ丁寧な手作業で仕上げる。彼が削る氷の透明度は、未熟ながらも基地の安全を静かに支え続けている。	OKです。
C079	薬草採・リンドウ	佐怒賀	実装	キャラクター	木	100	100	N		機械の隙間に生えるハーブを摘む、見習いの少年。その香りは、蒸気やデジタル作業で疲れた職人の心を癒やしてくれる。彼が配る薬草のおかげで、アジトの複雑なシステムも静かに安定して動き続けるだろう。	急に説明が敬語になっているのが気になります。 ↓ OKです。
C080	金加工者・ガレ	佐怒賀	実装	キャラクター	金	100	100	N		真鍮を削り、エンジンの外装を作る見習い職人。専用の工具で金属を叩き、蒸気が漏れないよう隙間を埋めていく。未熟ながらも、その正確な手つきはアジトの重要な動力を今日も陰から支え続けている。	OKです。
C081	土器職人・カイ	佐怒賀	実装	キャラクター	土	100	100	N		サイバー設計図を基に、熱に強いセラミック基板を焼く未熟な職人。伝統的な土練りと蒸気釜を使い、デジタル回路を支える強固な土台を作り上げる。彼が焼くパーツがなければ、アジトの通信機は熱で溶けるだろう。	OKです。
C082	送電・アベル	佐怒賀	実装	キャラクター	光	100	100	N		高圧電流を蒸気で制御する変電所の見習い。巨大なレバーを必死に操作し、アジトの各区画へ光を送り届ける。まだ出力の微調整に苦労しているが、彼が繋ぐ電気こそが秘密基地の全ての機能を支えている。	OKです。
C083	賭博場員・テラ	佐怒賀	実装	キャラクター	闇	100	100	N		蒸気とネオンが混ざり合う通路を見回る見習い。監視カメラの死角を熟知し、闇に紛れて不審な動きを監視する。重い歯車の音に隠れながら、電脳世界から漏れ出る小さなノイズを拾い集めるのが彼の日課だ。	OKです。
C084	ガラス職人・ルネ	佐怒賀	実装	キャラクター	火	100	100	N		強化ガラスに細い導線を封じ込める、未熟な職人。透過する光の角度でデータの処理速度が変わるため、一瞬も気が抜けない。熱を帯びたガラス越しに、秘密基地のデジタルな鼓動を静かに見守り続けている。	OKです。
C085	水銀の廃液	井伊	実装	キャラクター	水	100	100	N		秘密基地の配管に溜まった冷却液と、廃棄されたAIプログラムが融合した姿。歯車の間をすり抜け、デジタルのノイズを撒き散らしながら増殖する。無機質な蒸気の中で、青く発光する液体が静かに回路を侵食していく。	OKです。
C086	末端の整備士	井伊	実装	キャラクター	木	100	100	N		歯車の軋みをデジタル信号で読み取る低級整備士。木属性の魔力で回路を繋ぎ合わせ、アジトの崩壊を未然に防ぐ。その静かな作業は、TOYBOXの基盤を維持する上で欠かせない最小単位の献身である。	OKです。
C087	補助技師・クロム	井伊	実装	キャラクター	金	100	100	N		金属躯体に蒸気管と演算基板を備えた補助技師。静圧駆動でアジト内部を巡回し、微細な異常信号を解析して機構の最適化を淡々と実行する。	OKです。
C088	土壌調査技術者・クレイ	井伊	実装	キャラクター	土	100	100	N		圧縮土壌を核に持つ人間型技師。蒸気管と歯車で強化された四肢は、アジトの地盤制御を淡々と遂行し、揺らぎを許さない演算を続ける。	OKです。
C089	調律師・レイ	井伊	実装	キャラクター	光	100	100	N		蒸気機関と高度なAIを同期させる若き技術者。歯車が刻むリズムをデジタル信号へ置換し、アジトの演算速度を極限まで高める。その瞳は常に、霧の先に隠されたシステムの真理を捉えている。	OKです。
C090	屑鉄の給仕機	井伊	実装	キャラクター	闇	100	100	N		蒸気漏れを起こしながらアジトを徘徊する、初期型の配膳ドロイド。剥き出しの回路が不規則に明滅し、微かな電子音を奏でる。ガラクタ同然の装甲だが、その深部には未知の演算ログが刻まれている。	OKです。
C091	鍛冶職人・ミカ	佐怒賀	実装	キャラクター	火	100	100	N		アジトの隅で、廃棄ドローンを叩き直す未熟な少女。彼女が作る防弾板は表面が歪だが、その凹凸がレーザーを弾き、火花を散らす独自の盾となる。未完成な鉄の一枚板が、今日もアジトの仲間を守り抜く。	OKです。
C092	氷彫・カナタ	佐怒賀	実装	キャラクター	水	100	100	N		氷から精密なレンズを削り出す見習い職人。熱に弱いAIの目を守るため、冷たい手で加工を続ける。彼が作るレンズは、機械が熱で壊れる寸前のわずかな間だけ、暗い地下を明るく照らし出す。	OKです。
C093	森の管理者・ベルク	佐怒賀	実装	キャラクター	木	100	100	N		アジトの地下に広がる「基板の森」を守る見習い職人。腐食した回路に生える電子苔を間引き、システムの暴走を防いでいる。炭化した木の杖を使い、蒸気と闇に包まれた機械の根元を静かに巡回するのが彼の役目だ。	OKです。
C094	接点の・リーザ	佐怒賀	実装	キャラクター	金	100	100	N		複雑に絡み合う配電盤の接触不良を解消する修理者。微細なピンセットを使い、金の端子をコンマ数ミリ単位で調整する。彼女の手によって、滞っていた電子の奔流が再びアジトの各所へ供給される。	OKです。
C095	炭鉱・ネル	佐怒賀	実装	キャラクター	土	100	100	N		高純度の石炭を掘り出す見習いの少女。煤にまみれながら、土の中に眠る古いチップを拾い集めている。未熟な手付きで選別を繰り返す彼女の指先は、時折、デジタル世界の忘れ物である貴重な記憶を掘り当てる。	OKです。
C096	案内役・ガク	佐怒賀	実装	キャラクター	光	100	100	N		複雑な蒸気配管とデジタル回路が入り組む基地を案内する見習いの少年。ホログラム地図を片手に、暗い通路を青白い光で照らし出し迷路のような秘密基地で、彼が掲げる光は進むべき道を静かに示すだろう。	OKです。
C097	脱走兵・ハルト	佐怒賀	実装	キャラクター	闇	100	100	N		防衛部隊の試作装備を持ち逃げした、未熟な少年兵。重厚な装甲に刻まれた識別番号を削り取り、違法なプログラムを無理やり流し込んでいる。その接続端子が放つ鈍い光は、彼が戻れぬ場所を捨てた証である。	OKです。
C098	熱処理兵・イリヤ	佐怒賀	実装	キャラクター	火	100	100	N		基板の歪みを直すために、アジトの精密な熱処理を任された見習い。モニターに映るデジタルな熱分布と睨み合い、部品が溶ける寸前の限界温度を見極める。一瞬の油断が回路を焼き切る緊張感の中、静かに炎を操る。	OKです。
C099	見習い蔵人・サカキ	佐怒賀	実装	キャラクター	水	100	100	N		秘密基地の蒸気で酒を造る未熟な職人。デジタル管理された温度を保つため、タンクの結露をひたすら拭き取り続ける。彼が磨くステンレスの肌には、電脳街の青いネオンが静かに反射している。	OKです。
C100	家具職人・レト	佐怒賀	実装	キャラクター	木	100	100	N		秘密基地の廃材を使い、サーバーラックを組み上げる見習い職人。木材で蒸気の湿気を吸い取り、精密な基板が錆びるのを防いでいる。デジタルと歯車が混ざり合うアジトで、彼は今日も木の温もりを機械に添える。	OKです。
C101	錆鉄の偵察機	井伊	実装	キャラクター	金	100	100	N		蒸気機関で駆動する初期型の自律ドローン。回路は劣化し、外装の歯車も欠けているが、今もなお秘密基地の深部で断片的なデジタル信号を送信し続けている。	OKです。
C102	蒸気義肢の廃棄兵	井伊	実装	キャラクター	土	100	100	N		錆びた歯車と電子回路が混在する廃液溜まりを徘徊する守衛。蒸気機関の律動とAIの冷徹な計算が同期したとき、土煙に紛れて侵入者の足首を冷たく掴む。部品の摩耗は忠誠の証。	OKです。
C103	監視兵・ギアノイズ	井伊	実装	キャラクター	光	100	100	N		蒸気外骨格と旧式AIコアを併載した監視兵。おおきなモノアイで周囲のデータ流を読み取り、侵入経路を静かに封鎖する。	OKです。
C104	影機工・ノクス従僕	井伊	実装	キャラクター	闇	100	100	N		闇圧縮蒸気で稼働する下位個体。粗製の歯車骨格が常に軋み、暗渠での雑務を淡々と遂行する。近接した端末は信号遅延を起こす。	OKです。
C105	火炎官・ロキ	佐怒賀	実装	キャラクター	火	100	100	N		アジトを守る熱線トラップの点検を任された見習い。赤外線センサーと火炎放射の同期を担う。AIの予測をなぞるだけでは不十分だと、今日も狭い通気口を這い回り、秘密基地の死角を自らの目で潰し続けている。	OKです。
C106	潜水士・バルト	佐怒賀	実装	キャラクター	水	100	100	N		浸水したアジトの最下層を調査する未熟な探索者。水圧に耐えながら、蒸気機関と電子回路が混在する「鉄の海底」で、失われた部品を回収する。ゴーグルに映るノイズと酸素残量を頼りに、今日も冷たい水底へ潜る。	OKです。
C107	木靴師・ピノ	佐怒賀	実装	キャラクター	木	100	100	N		重機を動かすための専用靴を作る未熟な少年。ピノが削り出す木の靴は、デジタルでは拾えない細かな足の動きを蒸気機関へ正確に伝達する。アジトの巨大な機械を制御するために、彼の木工技術は欠かせない。	OKです。
C108	装甲技術・ザック	佐怒賀	実装	キャラクター	金	100	100	N		重厚な真鍮板と電子防壁を組み合わせる、未熟な装甲職人。アジトの壁に金属性の補強材を打ち込み、物理衝撃と不正アクセスを同時に遮断する。彼が刻む「ザック印」の鋲は、秘密基地を守る強固な盾となる。	OKです。
C109	泥土工・カイル	佐怒賀	実装	キャラクター	土	100	100	N		蒸気管の結露と土が混ざるアジトの最下層で、壁を塗り固める見習い職人。サイバー機器を湿気から守るため、泥をこねて物理的な気密性を保つ。カイルの泥仕事が、秘密基地の高度な演算環境を影から支えている。	OKです。
C110	調整役・ユーリ	佐怒賀	実装	キャラクター	光	100	100	N		街を覆うドームの光を管理する未熟な職人。手動ダイヤルを回し、空の明るさを調整する。不自然に白く光る天井を見上げる彼の瞳には、いつか本物の太陽を見たいという静かな願いが、淡い光となって宿っている。	OKです。
C111	情報盗・ウタ	佐怒賀	実装	キャラクター	闇	100	100	N		風にウイルスコードを乗せて、基地のスピーカーを乗っ取る少女。まだ見習いのため旋律は不協和音だが、聴く者の聴覚デバイスを一時的にハックする。デジタルと蒸気のノイズに紛れ、彼女は今夜も秘密を盗み出す。	OKです。
C112	回路の種火キイ	佐怒賀	実装	キャラクター	火	100	100	N		システム起動の火花を作る未熟な少年。手回し発電機と熱電池を使い、巨大なアジトに最初の灯りをともす。彼の小さな一歩がなければ、蒸気もデジタルも動き出さない。指先に残る熱が、彼がここで働く証である。	OKです。
C113	注水係・ココア	佐怒賀	実装	キャラクター	水	100	100	N		蒸気ボイラーへ水を送る見習いの少女。デジタルの水位計が故障しても、長年の勘を頼りに給水レバーを操作する。秘密基地の暴走を防ぐため、熱気に包まれながらも真剣な眼差しで計器の針を追い続けている。	OKです。
C114	大工・カイム	佐怒賀	実装	キャラクター	木	100	100	N		巨大な蒸気配管を支える木製フレームを組む見習い。熱で膨張する金属パイプを、木材のしなりで受け止めて破損を防ぐ。デジタルの計算より、木に触れた時の直感を信じてアジトの崩落を未然に防いでいる。	OKです。
C115	粒子整流獣・ピコギア	井伊	実装	キャラクター	金	100	100	N		歯車層の隙間を漂い、金粒子を蒸気で整流する小型獣。旧AIの断片を吸収し、ナノ粒子レベルでハードウェアの更新を行う。	OKです。
C116	土工徒・ドロム	井伊	実装	キャラクター	土	100	100	N		粘土質の外殻に粗製歯車を埋め込んだ下級体。掘削と搬送を淡々とこなし、アジト周囲の地盤を巡回する。	OKです。
C117	ルクス技師	井伊	実装	キャラクター	光	100	100	N		光導管を扱う下級技師。蒸気炉に組み込まれた光子歯車を調整し、アジト内部の照度制御を担う。低出力ながら侵入影を散らす機能を持つ。	OKです。
C118	ノクタ職工	井伊	実装	キャラクター	闇	100	100	N		闇炉で稼働する下層技師。蒸気と暗号歯車を扱い、アジト深部の影域で補修を行う。光を嫌い、静かに機構を調整し続ける。	OKです。
C119	フレア幼体	井伊	実装	キャラクター	火	100	100	N		蒸気管の隙間で発火する低位個体。歯車炉の熱を吸収し、微弱な演算火花を散らしながら徘徊するN級火属性モンスター。	OKです。
C120	リプル兵	井伊	実装	キャラクター	水	100	100	N		水圧管を巡る下級水術兵。蒸気歯車の脈動に合わせて潜行し、AI制御の流量計から得た微弱信号を読み取り行動する。静かに任務を遂行する。	OKです。
C121	リグ樹兵	井伊	実装	キャラクター	木	100	100	N		木質フレームに蒸気管を通し、低出力AIで制御された歩兵機。樹皮装甲が衝撃を吸収し、歯車式関節が静音で稼働する。	OKです。
C122	金属術師・オーラム	井伊	実装	キャラクター	金	100	100	N		金属粒子を操る低位個体。蒸気炉で精製した金属性素子を体内で循環させ、アジトの歯車網へ微弱な干渉を行う。動作は規則的で無駄がない。	OKです。
C123	土装警邏兵	井伊	実装	キャラクター	土	100	100	N		粘土装甲に蒸気駆動の脚部を持つ巡回兵。 低出力AIがアジト内の振動と 熱源を検知し、 歯車式警戒灯で警告を発する。	OKです。
C124	光導技士 	井伊	実装	キャラクター	光	100	100	N		アジト内の光導管ネットワークを 維持・調整する専門職。 微細な電流制御と蒸気圧同期を担い、 情報漏洩や過負荷を未然に防ぐ。	OKです。
C125	配線泥棒	佐怒賀	実装	キャラクター	闇	100	100	N		壁の裏を走り、金糸のコードを食いちぎる。電子の血を啜るその姿は、暗闇に浮かぶ不吉な赤色灯でしか確認できない。断線により通信を麻痺させ、拠点の連携を執拗に分断する闇の機械。職員を困らせる厄介な天敵。	OKです。
C126	溶鉱・メルト	佐怒賀	実装	キャラクター	火	100	100	N		鋼を溶かして液体にする工程を担う職人。灼熱の液体に手をかざし、不純物が焼き切れる瞬間の色の変化をデバイス越しに監視している。未熟なその手は、いつか基地を支える最強の合金を生み出す日を待っている。	OKです。
C127	冷媒師・イリス	佐怒賀	実装	キャラクター	水	100	100	N		サーバーを冷やす氷を削る見習い職人。氷の結晶をデジタル回路の速度に同期させる作業を繰り返して、溶けゆく氷の破片から、高度な演算に必要な冷気を取り出し、秘密基地の暴走を静かに食い止める。	OKです。
C128	面打・トトメ	佐怒賀	実装	キャラクター	木	100	100	N		木を削り仮面を作る見習い職人。顔を覆う木面に自作のモニターを組み込み、深い蒸気の中でも熱源をデジタル表示して周囲を見渡せるようにした。未完成な回路は、時折ノイズと共に古い木の香りを漂わせる。	OKです。
C129	部品選別・ガム	佐怒賀	実装	キャラクター	金	100	100	N		山積みのガラクタから、金を含む貴重な部品を拾い出す見習い。選別の正確さが秘密基地の命綱になると理解している。汚れを気にせず、効率的なデジタル回路の欠片を探し続ける瞳には、迷いがない。	OKです。
C130	研磨見習・サン	佐怒賀	実装	キャラクター	土	100	100	N		土から採れる細かな砂を使い、真鍮の歯車を磨く未熟な職人。デジタル制御では出せない滑らかな回転を追求し、蒸気機関の動きを支えている。その指先には、今日も作業で使った微細な鉱物の粒子が深く刻まれている。	OKです。
C131	清算係・ベニ	佐怒賀	実装	キャラクター	光	100	100	N		アジトのエネルギーを計算する見習い職人。真鍮のそろばんを弾き、蒸気の熱を光のコインに換算し、計算が合うたびに鳴る電子音だけが、彼女の静かな達成の証。その手元は、青白い演算光で常に照らされている。	OKです。
C132	密売人・ルゥ	佐怒賀	実装	キャラクター	闇	100	100	N		廃棄された義肢の端子を磨き、闇市へ流す未熟な少年。劇薬の臭いにまみれたその指先は、機械に残る元の持ち主の記憶さえ、ただの商品として冷たく扱う。アジトの隅で、彼は今日もガラクタを金に換えている。	OKです。
C133	炭鉱・ロッシュ	佐怒賀	実装	キャラクター	火	100	100	N		熱を帯びた廃坑で、燃料となる石を掘り出す見習いの少年。サイバーアイが故障中だが、熱を感知する指先で岩盤の温度を探り当てる。彼が必死に持ち帰る一塊の熱源が、秘密基地の凍える冬を静かに支えている。	OKです。
C134	浸水検知・ゴード	佐怒賀	実装	キャラクター	水	100	100	N		アジトの床下に潜り、わずかな漏水を探る未熟な職人。最新の電子センサーよりも、床に当てたコップの振動を信じている。蒸気と回路が混ざり合う静寂の中で、彼は今日も基地の呼吸を五感で読み取ろうとする。	OKです。
C135	弓師・ハヤテ	佐怒賀	実装	キャラクター	木	100	100	N		木製のフレームに最新の電磁回路を組み込んだ弓を作る見習い。弦を引くと蒸気が噴き出す。未熟ながらも、正確に情報を射抜くための調整を毎日積み重ねている。	OKです。
C136	接合職・アルゴ	佐怒賀	実装	キャラクター	金	100	100	N		ハンダを使い、蒸気パイプと電子基板を繋ぎ合わせる見習い。熱に弱い精密チップを壊さぬよう、慎重に熱量を調整する。スチームパンクの無骨な外装に、デジタル回路の鼓動を宿す重要な工程を担う。	OKです。
C137	運炭・ドノバン	佐怒賀	実装	キャラクター	土	100	100	N		地下深層から掘り出された石炭を、上層のボイラーへ届ける未熟な運搬手。荷台に積まれた黒い結晶は、AIの演算を支える熱源となる。耳を澄ませば、重い車輪の軋みと共に、電子回路を流れる微細なノイズが響く。	OKです。
C138	保安生・ロラン	佐怒賀	実装	キャラクター	光	100	100	N		通路の照明と監視カメラを点検する未熟な整備士。複雑な配線に苦戦しながらも、秘密基地の隅々に光を届けている。彼が歩いた後の通路は、電子の残光が白く浮かび上がり、闇を打ち払う。	OKです。
C139	呪術師・ミラ	佐怒賀	実装	キャラクター	闇	100	100	N		基板の配線をわざと絡ませ、不気味な回路を作る見習いの少女。回路が動くと蒸気が冷たく固まり、死者の声がノイズとなって響き出す。彼女にとって機械は、電子の霊を呼び出すための道具でしかない。	OKです。
C140	放火魔・バズ	佐怒賀	実装	キャラクター	火	100	100	N		アジトの排気口から忍び込む未熟な放火魔。盗み出した電子チップの証拠隠滅のため、スチームパイプに火を放ち、回路を焼き切る。彼が通った後には、焦げた基板の臭いと、制御不能な熱暴走の警告音だけが残る。	OKです。
C141	氷結工・シノ	佐怒賀	実装	キャラクター	水	100	100	N		演算ユニットの熱を奪うための冷却氷を生成する。まだ未熟なため、氷の結晶を均一に保つ作業に心血を注ぐ。防護眼鏡の奥に映るデジタル回路の青い光が、静寂に包まれた作業場を冷たく照らし出している。	OKです。
C142	伐採生・ソーン	佐怒賀	実装	キャラクター	木	100	100	N		電子回路の筐体を作るため、若木を伐採する見習いのソーン。デジタル制御された森に入り、精密なセンサーに触れないよう枝を切り落とす。未完成な技術ながら、蒸気機関の熱に耐える強靭な素材を日々探し求めている。	OKです。
C143	潤滑油精製・エマ	佐怒賀	実装	キャラクター	金	100	100	N		高純度オイルの調合に励む見習い。蒸気とデジタルの融合部を滑らかにするため、黄金の雫を丁寧に注ぐ。まだ手際は拙いが、彼女が精製した油は機械の悲鳴を静める。アジトの駆動音を支える、欠かせない基礎作業。	OKです。
C144	トンネル工・ハンス	佐怒賀	実装	キャラクター	土	100	100	N		高純度オイルの調合に励む見習い。蒸気の熱とデジタルの冷たさが混ざる接合部に、金色の雫を丁寧に注ぎ込む。まだ手際は拙いが、彼女の精製した油は機械の悲鳴を静め、秘密基地の駆動音を裏側から支え続けている。	OKです。
C145	結晶加工・プリズン	佐怒賀	実装	キャラクター	光	100	100	N		AIの演算を加速させる光結晶を削り出す未熟な職人。スチームパンクの煤に汚れながら、透過率100%の極致を目指す。指先の感覚だけを頼りに、複雑な多面体を成形するその姿は、秘密基地の未来を削り出している。	OKです。
C146	毒盛り・ミア	佐怒賀	実装	キャラクター	闇	100	100	N		デジタル毒を精製する未熟な職人。スチームパイプに猛毒のコードを流し込み、秘密基地の機能をマヒさせる。目に見えない攻撃は、誰にも気づかれぬまま、静かに、確実にターゲットの脳を蝕んでいく。	OKです。
C147	修理工・カイチ	佐怒賀	実装	キャラクター	火	100	100	N		高熱で焼けた金属を冷却し、強度を引き上げる役目を担う見習い。スチームパンクの重厚なギアとサイバー回路が混在する装甲を、力任せに繋ぎ合わせる。その荒削りな手つきには、未来の巨匠となる予兆が宿っている。	OKです。
C148	水路兵・カイト	佐怒賀	実装	キャラクター	水	100	100	N		水路に流れるガラクタを回収する未熟な少年。ゴミ一つが冷却効率を下げ、アジトの演算速度を低下させる原因になる。蒸気機関とデジタルが共存するこの場所で、水の流れを止めないよう必死に作業を続けている。	OKです。
C149	槍柄打ち・ガク	佐怒賀	実装	キャラクター	木	100	100	N		巨大な歯車の揺れを計算し、最適な弾力を持つ木柄を仕立てる。未熟な手つきで何度も削り直し、理想の重心を追求する。スチームパンクの重厚な一撃を、サイバーの速度で放つための「土台」を彼は造り出す。	OKです。
C150	重機士・バッシュ	佐怒賀	実装	キャラクター	金	100	100	N		大きな破砕機を操る見習いの若者。スチームパンクの基地で、新しい部屋を作るために壁をぶち抜く。デジタル装甲も粉々に砕くパワーを持つ。まだ操作は荒削りだが、鉄屑を積み上げるたびに確かな手応えを感じている。	OKです。
C151	盤固め・イロハ	佐怒賀	実装	キャラクター	土	100	100	N		巨大な歯車が回る振動を止めるため、床に粘土を敷き詰める未熟な技術者。デジタルの世界を守るには、まず足元の土を安定させることが重要だと信じている。完璧な水平を作るため、重い道具を手に何度も土を突き固める。	OKです。
C152	剣士・エッジ	佐怒賀	実装	キャラクター	光	100	100	N		光る剣を振り回す見習いの少年。デジタル回路を組み込んだ刃は、たまにショートして火花を散らす。完璧な筋書き通りには動けないが、その必死な一振りが仲間を救うこともある。技術を磨き、いつか本物の英雄を目指す。	OKです。
C153	放電の狂信者・エン	佐怒賀	実装	キャラクター	闇	100	100	N		壊れた変圧器を引きずる未熟な少年。制御不能な放電が周囲を焼き、自分自身の記憶さえも白く塗り潰していく。指先に残る痺れと、電子の海に沈む快感だけが彼を突き動かす。その出力は、敵も自分も等しく闇へ導く。	OKです。
C154	銃火器見習・レツ	佐怒賀	実装	キャラクター	火	100	100	N		蒸気式の火縄銃を調整する少年。薬莢に熱源コードを刻む作業はまだ遅く、技術は見習いの域を出ない。それでも標的の内部回路を過熱させ、確実に機能停止へ追い込む一撃には、隠しきれない才能が光っている。	OKです。
C155	氷塊投・ボリス	佐怒賀	実装	キャラクター	水	100	100	N		冷気を帯びた氷の飛礫で、過熱した敵機を粉砕する力自慢。計算機を片手に投射角度を測るが、氷が溶ける速度に追いつけない未熟な一面も。砕け散る氷の質量が、サイバー空間の熱狂を強引に鎮める基地の防衛要員。	OKです。
C156	樹木の狙撃手・アリス	佐怒賀	実装	キャラクター	木	100	100	N		蒸気銃を構える未熟な射手。放たれた種子が敵のシステム内部で急成長し、電子制御を物理的に破壊する。木製パーツを組み込んだ愛銃の扱いに苦戦しつつも、基地の影から仲間を支えるためにひたむきに引き鉄を引く。	OKです。
C157	針金暗殺・セツナ	佐怒賀	実装	キャラクター	金	100	100	N		極細の針金を武器に転用する配線工。敵の背後に忍び寄り、頸椎の接続端子を遮断する。影に潜み、蒸気の音に紛れて標的を仕留める。暗殺術はまだ見習いだが、その手際に迷いはない。	OKです。
C158	地雷工・シンラ	佐怒賀	実装	キャラクター	土	100	100	N		基地の拡張エリアに地雷を敷き詰める見習いの少年。土の感触とデジタル信号の揺らぎを頼りに、目に見えない防御壁を築き上げる。技術はまだ発展途上だが、彼が埋めた一撃は侵入者の足を確実に止める威力を持つ。	OKです。
C159	レンズ研磨・リアン	佐怒賀	実装	キャラクター	光	100	100	N		特殊な溶剤でレンズを磨き、光の弾丸を作り出す未熟な技術者。集光レンズから放たれる熱線は、いかなる闇も貫く。未完成な腕ながら、放つ一撃は秘密基地の秩序を静かに守り抜く。	OKです。
C160	防壁解体・テツタ	佐怒賀	実装	キャラクター	闇	100	100	N		巨大な振動ドリルを右腕に据えた未熟な少年。緻密なハッキングを嫌い、分厚い装甲ごと物理的に粉砕して道を切り開く。力任せの解体は美しさに欠けるが、電子の城壁を力尽くで瓦解させる破壊衝動を秘めている。	OKです。
C161	ハンダ溶鬼	佐怒賀	実装	キャラクター	火	100	100	N		熱いハンダが意思を持った魔物。秘密基地の配線ダクトに潜み、古い基板を溶かして食べている。まだ体が小さいため、一箇所の回路を焼き切るのが精一杯。その体は常にドロドロと赤く熱を帯び、火花を散らしている。	OKです。
C162	配管蛇パイプ	佐怒賀	実装	キャラクター	水	100	100	N		古い水道管から生まれた小さなモンスター。体の中はひんやりとした液体で満たされている。大きな音に驚くと、口から冷たい水をふき出して逃げてしまう。まだ子供の個体であり、大きなパイプに憧れて成長を待つ。	OKです。
C163	ギア・カメレオン	佐怒賀	実装	キャラクター	木	100	100	N		真鍮の歯車を回転させて周囲の景色をコピーする小型ロボ。蒸気の霧に紛れて姿を消し、アジトの死角を見守る。まだ幼いため排気音が少し漏れているが、一生懸命に配管の隙間を巡回して侵入者を探し出している。	OKです。
C164	金色の防毒蜂	佐怒賀	実装	キャラクター	金	100	100	N		真鍮の翅を震わせ、蒸気の汚れを浄化する蜂型の幼体。毒素を吸い込み、金色の光を放つ触角で仲間に異常を知らせる。弱小だが、基地の空気を清浄に保つためには欠かせない。群れをなして配管の隙間に潜んでいる。	OKです。
C165	岩塩のレジスタ	佐怒賀	実装	キャラクター	土	100	100	N		岩塩の結晶を演算回路にした魔物の子供。地中の冷気で熱を逃がし、高速でデータを処理する。体はまだ小さいが岩石のように硬く、物理攻撃を跳ね返す。スチームの隙間からデジタルの光を漏らし、静かに計算を続ける。	OKです。
C166	蓄電のクラゲ	佐怒賀	実装	キャラクター	光	100	100	N		蒸気霧に紛れて浮遊する半透明の機械生命体。触手状のケーブルで空間の静電気を吸い上げ、核となる真空管に高純度の光子を蓄える。飽和したエネルギーが放つ淡い輝きは、アジトの深部に潜むシステムの不備を白日の下に晒す。	OKです。
C167	油脂を啜る獣	佐怒賀	実装	キャラクター	闇	100	100	N		アジトの配管に潜む黒毛の怪獣。機械の潤滑油を主食とし、彼らが通った後の歯車はたちまち摩擦熱で焼き付く。補給物資のドラム缶を食い破り、施設の円滑な稼働を物理的に阻害する。職員の頭上から滴る黒い涎は、深刻なメンテナンス不足の予兆である。	OKです。
C168	蓄熱ミミック	佐怒賀	実装	キャラクター	火	100	100	N		放置された工具箱に化ける魔物。不用意に触れた者の手を数百度の熱で焼き、深い火傷を負わせる。現場の油断を誘うその姿は、効率を重視する職員にとっての天敵。今日もどこかの作業机で、静かに獲物を待っている。	OKです。
C169	錆色のアメーバ	佐怒賀	実装	キャラクター	水	100	100	N		配管の結露から生まれる、厄介な掃除対象。放っておくと精密な歯車の隙間に入り込み、一晩で機械を動かなくさせてしまう。どれだけ拭き取っても、湿気がある限り何度でも増殖を繰り返す、現場泣かせの雑魚モブ。	OKです。
C170	ネジ食いの双葉	佐怒賀	実装	キャラクター	木	100	100	N		機械のネジ穴から生える小さな芽。成長する力でネジを押し出し、外装をバラバラにする。見た目は可愛いが、放っておくと基地のあちこちが壊れてしまう厄介な植物。	OKです。
C171	磁気コウモリ	佐怒賀	実装	キャラクター	金	100	100	N		天井の配管にぶら下がる電磁波の吸血鬼。まだ小さく飛べないが、近くのストレージから磁気情報を吸い取って書き換えてしまう。機密ファイルを無意味な文字列に変え、デジタル管理を混乱させる厄介な幼獣。	OKです。
C172	硬化する砂塊	佐怒賀	実装	キャラクター	土	100	100	N		細い動力ケーブルに巻き付き、外殻を岩のように固める多脚機の幼体。柔軟性を奪われた配線は次々と折れ、基地の回路を寸断する。無理に剥がそうとすれば外壁ごと崩落するため、職員による地道な除去作業が続く。	OKです。
C173	虹光の謎な球体生物	佐怒賀	実装	キャラクター	光	100	100	N		七色に光る小さな生物で球体の形をしている謎の生き物。まだ幼体だが、球体から出す線の様な物はデジタル信号を吸い取る。配線の隙間に巣を作り、触れた端末のデータをバラバラに書き換えてしまう。キラキラした見た目に反して、職員を困らせる厄介な天敵。	OKです。
C174	廃熱の吸血鬼	佐怒賀	実装	キャラクター	闇	100	100	N		ボイラーの熱に群がる機械の幼体。配管に吸い付き、蒸気の熱を食べて成長する。熱を奪われた基地は凍りつき、代わりにこの幼体の背中のランプが赤く点滅し始める。まだ小さいが、放置すればアジトの火が消える。	OKです。
C175	ボイラー狐	佐怒賀	実装	キャラクター	火	100	100	N		熱い配管の上で丸まる狐の幼体。甘い蒸気を吸い、喉を鳴らして高熱を放つ。その熱は近くの制御端末を溶かし、AIの計算を狂わせる。小さな足跡が残された計器は、二度と正確な数値を指し示すことはない。	OKです。
C176	流体のゴースト	佐怒賀	実装	キャラクター	水	100	100	N		物理的な体を持たず、配管の隙間や電子回路を泳ぐ幼い魔物。蒸気に紛れて端末に侵入し、データを書き換えて遊ぶ悪癖がある。小さな水滴のような姿だが、触れただけで精密機器をショートさせる厄介な未成熟体。	OKです。
C177	回路の猛牛	佐怒賀	実装	キャラクター	木	100	100	N		角に電子回路が走る牛型の幼いメカ。まだ角の基盤は未完成だが、敵を見つけると背中の煙突から蒸気を吹き出し、猛スピードで突っ込む。基地の森を守るため、小さな体で一生懸命に歯車を鳴らして走り回っている。	OKです。
C178	信号泥棒	佐怒賀	実装	キャラクター	金	100	100	N		無線通信を傍受し、別の周波数へ書き換える。親とは異なり、まだ未発達なアンテナで周囲の電子音を無邪気に吸い込み、管理者の命令をノイズへ変えてしまう。指令室のモニターを意味のない光の渦で埋め尽くす。	OKです。
C179	ダストテイル	佐怒賀	実装	キャラクター	土	100	100	N		常に砂埃を撒き散らして歩く、幼い姿の自律型メカ。未発達な出力で光学レンズを物理的に研磨し、基地の視界を永久に奪う。未熟ゆえの無垢な挙動が、精密なデジタル監視網を静かに削り取っていく破壊者。	OKです。
C180	加速の粒子	佐怒賀	実装	キャラクター	光	100	100	N		台車や工具に付着する、光り輝く粒の幼体。物理的な重さを反発力で打ち消し、重い荷物を運ぶ職員を健気に支える。この光が寄り添う間は、どんな重量物も羽根のように軽く、滑らかに動かすことができる。	OKです。
C181	ダークワーカー	佐怒賀	実装	キャラクター	闇	100	100	N		主人のいない作業着に潜り込んだナノマシンの幼体。暗い通路をヨロヨロと歩き回り、無邪気に配線を繋ぎ変えては、基地のあちこちで小さな爆発を起こす。機械の悲鳴を聞くたび、その影は静かに膨らんでいく。	OKです。
C182	溶岩のグリス	佐怒賀	実装	キャラクター	火	100	100	N		機械の隙間から漏れ出した意思を持つ熱い油。まだ幼く、温かい場所を求めて歯車の奥へ潜り込む。触れた金属をじわじわと赤熱させ、精密機械をドロドロに溶かして動かなくする。清掃用ロボを焼き付かせる厄介な存在。	OKです。
C183	ウォータ・コア	佐怒賀	実装	キャラクター	水	100	100	N		高圧洗浄機のノズルに意思が宿った幼体。汚れを嫌い、アジトの重要な設計図や壁の塗装を強い水圧で削り落としてしまう。彼らにとっての「掃除」は、職員が築いた記録をすべて白紙に戻す無邪気な破壊だ。	OKです。
C184	基板の古木	佐怒賀	実装	キャラクター	木	100	100	N		廃棄された光ファイバーを根として、秘密基地の電力を吸い上げる小さな電子樹木。樹皮に刻まれた回路図には、古い設計データが残っている。蒸気の熱をエネルギーに変え、静かにデジタルの領域を広げ続けている。	OKです。
C185	鉄のイソギンチャク	佐怒賀	実装	キャラクター	金	100	100	N		通路の床に固着し、真鍮の触手を揺らす自律機。生体反応を検知すると、鋭い金属爪で通りかかる職員の裾や所持品を執拗に拘束する。無理に引き剥がそうとすれば、基材を損壊させるほどの力で締め上げ、移動を阻む。	OKです。
C186	瓦礫の塊	佐怒賀	実装	キャラクター	土	100	100	N		崩れた天井の破片が意思を持った姿。小さくとも非常に重く、精密機械の上に好んで飛び乗る。デジタル基板を物理的な圧力で押し潰し、中のデータを砂塵とともに地中へ埋没させてしまう。職員を悩ませる厄介な未完成体。	OKです。
C187	断絶の白騎士	佐怒賀	実装	キャラクター	光	100	100	N		鏡面装甲に身を包んだ守護AI。高度な理屈で職員の入室を拒み、物理的な壁ではなく「正論」という名の電子ロックで道を塞ぐ。戦闘力はそんなにないが、諦めずに通り抜けしようとする者は怪我を負わされる。	OKです。
C188	ギアクラッシャー	佐怒賀	実装	キャラクター	闇	100	100	N		回転する歯車に鋼鉄の腕を突き立てる小型ロボット。緻密な蒸気機関の動きを物理的に止め、アジトの機能を麻痺させる。デジタル回路にノイズを撒き散らし、システムを静寂と混沌の底へ突き落とす。	OKです。
C189	火種を運ぶ猫	佐怒賀	実装	キャラクター	火	100	100	N		尾の先に消えない種火を持つ機械猫。データセンターの床下に潜り込み、たまった埃を燃え上がらせる。職員の手を焼くスピードで逃走し、大事なデジタルログを物理的な灰に変えてしまう、厄介な野良メカ。	OKです。
C190	スチームメデューサ	佐怒賀	実装	キャラクター	水	100	100	N		たくさんのホースを髪のように持つ魔物。熱い蒸気を吹き出し、レンズや計器を真っ白に曇らせる。彼女が通った後は、湿気と結露で精密機械が動かなくなる。職員の視界を奪う、戦闘力は低いが、やっかいな秘密基地の天敵だ。	OKです。
C191	プラグ・ライノ	佐怒賀	実装	キャラクター	木	100	100	N		コンセント型のツノを持つサイの子供。小さな体で蒸気を吹き出し、デジタル空間にわくノイズの塊へ体当たりする。まだ出力は弱いが、一生懸命に秘密基地の配線を守り、電気信号のバグを掃除している。	OKです。
C192	鉛の沈黙	佐怒賀	実装	キャラクター	金	100	100	N		鈍く光る鉛の体を持つ、幼い重装甲ロボ。周囲の電波を強力に遮断し、通信やライトを完全に無効化する。暗闇と静寂を連れて歩くその姿は、助けを求める声を物理的に封じ込め、基地に孤独な絶望を振りまく。	OKです。
C193	アース・バグ	佐怒賀	実装	キャラクター	土	100	100	N		基盤の隙間に湿った土を運び、ショートさせる厄介な幼体。電子の火花をエサにして育つ。一度住み着くと、精密機械を泥だらけのガラクタに変えるまで止まらない。清掃員の天敵であり、基地を物理的に侵食する。	OKです。
C194	蓄電の綿毛	佐怒賀	実装	キャラクター	光	100	100	N		静電気を食べて光る、ふわふわしたモンスターの赤ちゃん。停電した時は自ら光って、暗い基地を明るく照らしてくれる。触るとほんのり温かくて、疲れた職員たちの心を癒やす。アジトには欠かせない大切な相棒。	OKです。
C195	ブラックボルト	佐怒賀	実装	キャラクター	闇	100	100	N		黒いネジに化けた幼い機械モンスター。一見ただの部品だが、装置の隙間に潜り込み内側から回路をかじる。仲間を呼ぶ電子音を出し、気づかぬうちに増殖してアジトの重機をバラバラに分解してしまう厄介な存在。	OKです。
C196	プラズマ給電機	佐怒賀	実装	キャラクター	火	100	100	N		離れた場所から電気を送る小さな充電器。幼いゆえに出力を加減できず、周りの工具を真っ赤に熱してしまう。熱くなったスパナに触れた職員を驚かせる、アジトのやんちゃな機械モンスター。	OKです。
C197	ソルトウォーター	佐怒賀	実装	キャラクター	水	100	100	N		廃液タンクに宿った塩水の大きな幼体。あらゆる金属を急激に酸化させ、最新のサイバー設備も一夜でボロボロの廃材に変えてしまう。小さな体で歯車の隙間に潜り込み、アジトの心臓部を音もなく腐食させていく魔物だ。	OKです。
C198	歯車を持つ巨鳥	佐怒賀	実装	キャラクター	木	100	100	N		金属の翼を羽ばたかせ、高い空から森を監視する機械の鳥。まだ体が小さく、背中の歯車もゆっくりと回る。上昇気流に乗りながら、秘密基地の熱が外に漏れないよう、デジタルの眼で地図を作り記録し続けている。	OKです。
C199	不眠の鐘突き	佐怒賀	実装	キャラクター	金	100	100	N		深夜に小さな鐘を鳴らして歩く金属の幼生。かわいらしい音色だが、微細な振動が基地のネジを少しずつ緩めていく。職員の睡眠を奪い、機械の故障を招く厄介な存在。黄金の体は暗闇でも鈍く光り、捕獲を逃れる。	OKです。
C200	砂嵐の扇風機	佐怒賀	実装	キャラクター	土	100	100	N		内部に大量の砂を溜め込んだ小型の送風機。起動と同時に部屋を砂埃で満たし、視界を物理的に遮る。まだ幼く風力は弱いが、精密な機械の隙間に砂を送り込み、地道な動作不良を引き起こして職員の手を焼かせる。	OKです。
C201	分光獣プリズ	佐怒賀	実装	キャラクター	光	100	100	N		アジトの照明を食べて光線を発射する、クリスタルのような幼い魔物。蒸気とデジタルの光をプリズムで分解し、不用意に近づく職員を鋭いレーザーで狙い撃つ。光がある限り遊び続け、秘密基地の作業をキラキラと妨害する。	OKです。
C202	スモークウルフ	佐怒賀	実装	キャラクター	闇	100	100	N		排気ガスをまとう幼い魔物。未発達な牙で細い配線をかじり、アジトの通信を小さく遮断する。未熟ながらも熱源を隠す術を知り、職員の背後に音もなく忍び寄る。その影に触れた回路は、静かに黒く侵食されていく。	OKです。
C203	発破工・ゼッタ	佐怒賀	実装	キャラクター	火	125	125	N		秘密基地の拡張を担う見習い。複雑な電子起爆装置に苦戦しながらも、アナログな熱量で岩を溶かし進める。立ち込める煙とオイルの匂いの中で、理想の爆発を追い求めるその手は、常に火薬の煤で黒く汚れている。	きちんと125になってますね。OKです。
C204	結露収集・イナ	佐怒賀	実装	キャラクター	水	125	125	N		錆びた配管に浮かぶ水滴を慎重に集める未熟な職人。スチームの熱とサイバーな電磁波が混ざる滴を、宝物のように扱う。集めた水の純度が上がるたび、秘密基地を支える一員としての自覚がその胸に静かに宿っていく。	OKです。
C205	薪割師・タケル	佐怒賀	実装	キャラクター	木	125	125	N		巨大な斧の熱を逃がしながら原木を割る見習い。高周波振動子の扱いに慣れず、時折回路をショートさせるが、その突破力は本物だ。スチームパンクの轟音の中、彼は電脳の海を物理的に割り進む役割を担っている。	OKです。
C206	放電銃士・ミオ	佐怒賀	実装	キャラクター	金	125	125	N		高電圧の蒸気を弾丸に変える放電銃を操る。まだ出力制御に慣れていない未熟な技術者だが、その破壊力は本物。金色の火花を散らしながら、アジトを襲う敵を撃退し、実戦を通じて兵器の精度を研ぎ澄ましていく。	OKです。
C207	落穴師・ポル	佐怒賀	実装	キャラクター	土	125	125	N		蒸気霧に紛れて地面に電子回路の罠を埋める未熟な職人。センサーが侵入者を検知すると、瞬時に土砂を崩して敵を奈落へ突き落とす。効率的な防衛ログを積み重ねることに没頭し、無機質な地響きを静かに楽しんでいる。	OKです。
C208	砲撃・ミチル	佐怒賀	実装	キャラクター	光	125	125	N		大型の蒸気キャノンを担ぐ見習い。放たれる光子弾は、暗いアジトを白夜のように照らし出す。反動を抑えきれない幼さはあるが、その一撃は敵を根こそぎ消し去る。まばゆい光の奔流が、防衛線の未来を切り拓く。	OKです。
C209	爆弾魔・ゴウ	佐怒賀	実装	キャラクター	闇	125	125	N		過加圧のスチームシリンダーを改造し、手製爆弾を作る未熟な職人。不安定な蒸気と火花を愛し、基地の静寂を破壊する。その肌に刻まれた無数の火傷跡は、彼が命懸けで爆発の真髄を追い求めた、未完成な情熱の証だ。	OKです。
C210	火炎放射兵・ロルフ	佐怒賀	実装	キャラクター	火	125	125	N		巨大な蒸気タンクを背負い、不器用に火炎を放射する。火力の制御はまだ不安定だが、侵入者を追い払う熱風は本物だ。防衛線の端で必死に引き金を引く姿は、未熟ながらもアジトを守る立派な盾として機能している。	OKです。
C211	深淵のドロッパー	佐怒賀	実装	キャラクター	水	125	125	N		天井の配管に張り付く液状の幼体モンスター。音もなく粘着質な雫を垂らし、機械の関節を動かなくさせる。未熟ながらも本能で精密回路を狙い、じわじわと機能を奪う。その滴下音は、静かな基地に絶望を刻み込む。	OKです。
C212	ウッドボルトタイガー	佐怒賀	実装	キャラクター	木	125	125	N		木製の骨格に小さなボルトを隠した虎の子。蒸気を吸ってパチパチと静電気を蓄える。まだ出力は弱いが、近づく者の電子回路を不意に狂わせる。秘密基地の隅で、放電のノイズを鳴らしながら静かに牙を研ぐ。	OKです。
C213	重力の歪み箱	佐怒賀	実装	キャラクター	金	125	125	N		磁力を放ち、周りの金属を吸い寄せる立方体のモンスター。まだ幼いけれど、強力な力で工具や部品をバラバラにする。近くを通る職員の足元を狙って、集めた鉄クズをわざと散らかす困りもの。	OKです。
C214	廃油の粘土	佐怒賀	実装	キャラクター	土	125	125	N		漏れた油と土が混ざり、意志を持った泥の幼体。ベタつく体で機械の隙間に入り込み、歯車の動きを止めてしまう。まだ小さく、熱を当てるとすぐに溶けるが、放っておくと頑固に固まり、ハッチを一生開かなくさせる。	OKです。
C215	極光のヴェール	佐怒賀	実装	キャラクター	光	125	125	N		天井を漂うカーテン状の幼いエネルギー体。触れた物の質量をデジタル数値化し、重力をバラバラに変える。浮き上がった重機が天井へ衝突を繰り返す。美しくも、秘密基地のシステムを物理的に狂わせる厄介な光の魔物。	OKです。
C216	遊撃兵・セリ	佐怒賀	実装	キャラクター	闇	125	125	N		高圧蒸気で弾き出す特製弾を放つ遊撃兵。弾丸に含まれたウイルスが機械の神経を蝕む。技術は未熟でも、戦場での度胸は一流だ。デジタルの火花を散らしながら、動かなくなった標的を無表情に見下ろし、次の闇へ消える。	OKです。
C217	火炎鎌・ルナ	佐怒賀	実装	キャラクター	火	125	125	N		蒸気機関を内蔵した巨大な鎌を振るう少女。出力調整が未熟なため、刃は常に赤熱し周囲の空気を歪ませる。斬撃の軌道にノイズ混じりの火花が舞う時、敵の防壁は融解し、修復不能な熱ダメージがシステムを焼き尽くす。	OKです。
C218	投擲手・アモン	佐怒賀	実装	キャラクター	水	125	125	N		冷却水の入った特殊カプセルを投げる未熟な職人。熱暴走を起こしたAIサーバーの深部へ、ピンポイントで水分を届ける役割を担う。放物線の予測が甘く、目標の手前で水袋を破裂させてしまう失敗を繰り返す。	OKです。
C219	虚空の鎌・シアン	佐怒賀	実装	キャラクター	木	125	125	N		スチームパンクの歯車とサイバー信号が混ざる境界で、大鎌を振るう見習い。不安定な回路から漏れ出す余計なデータを、物理的な打撃で強引に消去する。不器用な手つきながら、基地の調和を保つために虚空を睨む。	OKです。
C220	歯車鋳造・イアン	佐怒賀	実装	キャラクター	金	125	125	N		金属性の廃材を溶かし、新たな歯車を生み出す見習い。スチーム駆動のプレス機と電脳スキャナーを併用し、理想の形状を追求する。未完成な技術ながらも、その手から放たれる輝きは基地の動力源を力強く支えている。	OKです。
C221	道標のトモシビ	佐怒賀	実装	キャラクター	土	125	125	N		停電した暗い通路で、体内の鉱石を光らせる幼い魔物。職員の歩幅に合わせて転がり、足元を優しく照らし出す。迷いやすい地下区画で出口まで導くその姿は、孤独な作業を支える小さな道標として重宝されている。	OKです。
C222	蓄音機の仔鳥	佐怒賀	実装	キャラクター	光	125	125	N		真鍮の羽を持つ機械の鳥。職員の独り言を勝手に録音して流す困りものだが、忘れたパスワードを復唱して助けてくれることもある。喉の真空管をピカピカ光らせ、秘密の記憶を蓄える小さな電子の幼体。	OKです。
C223	オイルの運び屋	佐怒賀	実装	キャラクター	闇	125	125	N		小さなバケツ状の幼体。漏れ出した廃油を溜め込み、注油が必要な場所へ運んで塗布する。蒸気機関の軋む音を聞きつけると、暗がりの足元を素早く移動して回り、アジトの駆動系が焼き付くのを影から防いでいる。	OKです。
C224	熱風翼のクゥ	佐怒賀	実装	キャラクター	火	125	125	N		小さな翼で熱気を回し、アジトの湿気を取り除く。濡れた服を乾かす手助けもするが、機嫌が良いと風力を上げ、机の上の大事な書類をバラバラに散らしてしまう。ダクトの奥に消えた紙を探すのは、職員の日常だ。	OKです。
C225	スチーム・コア	佐怒賀	実装	キャラクター	水	125	125	N		蒸気の隙間から生まれた幼い魔物。配管の亀裂を見つけると、自分の体で一生懸命に穴をふさいでくれる。健気な姿が職員に愛されており、基地のあちこちで蒸気漏れを防ぎながら、今日も静かに任務を支えている。	OKです。
C226	大剣使い・ベア	佐怒賀	実装	キャラクター	木	125	125	N		真鍮の歯車が回る音の中、身の丈に合わぬ大剣を抱える見習い。洗練された動きには程遠いが、基地の隔壁を背にしたその立ち姿は、どんな高度なプログラムよりも確かな盾となる。未熟ゆえの力みが、鉄の板を震わせる。	OKです。
C227	旋回刃・キリ	佐怒賀	実装	キャラクター	金	125	125	N		デジタル制御されたファンを刃物として扱う見習い。基地内の温度を管理しつつ、迫る外敵を冷徹な回転斬りで排除する。経験不足を補うための猪突猛進な一撃が、金属の装甲を切り裂き、金の火花を鮮やかに散らす。	OKです。
C228	破砕者・クウ	佐怒賀	実装	キャラクター	土	125	125	N		巨大なカッターを操る未熟な少年。土木用AIが刃を不規則に回転させる。火花と土煙が舞う中、重い獲物を必死に振り回して敵を撃退する。その細い体には、蒸気機関とメカの重さがまだ馴染みきっていない。	OKです。
C229	電磁槍・レグル	佐怒賀	実装	キャラクター	光	125	125	N		真鍮の槍に青い電撃を纏わせる見習い。蒸気噴射の反動に振り回される場面もあるが、その一撃は鋭い。デジタル照準器を片目に、ノイズの混じる視界で必死に敵を追う。基地の明日を守るため、彼は今日も槍を振るう。	OKです。
C230	鉄球使い・ギル	佐怒賀	実装	キャラクター	闇	125	125	N		巨大な鉄球を扱う武器職人の見習い。棘の先端から高圧電流を放出し、敵のシステムを内部から焼き切る。重い一撃は荒削りだが、逃げ場のない衝撃を闇に刻み込む。未完成ゆえの危うさが、その一振りに宿っている。	OKです。
C231	過熱のハシビロコウ	佐怒賀		キャラクター	火	125	125	N		動かず周囲の熱を集める幼い魔物。溜め込んだ熱波でスプリンクラーを誤作動させ、アジトを水浸しにして職員を困らせる。不気味な静寂を保ち、びしょ濡れになった人間をただじっと観察して、その反応を楽しんでいる。	OKです。
C232	バブル・ボム	佐怒賀		キャラクター	水	125	125	N		蒸気とデータが混ざって生まれた泡の幼体。端末のキーを無邪気に叩き、勝手にコマンドを実行する。触れると高圧で弾け、精密機器のスイッチを物理的に狂わせる。小さな破裂音が、職員たちの作業を執拗に妨害する。	OKです。
C233	擬態のサボテン	佐怒賀		キャラクター	木	125	125	N		蒸気パイプに紛れてトゲを立てる植物型ロボ。居眠りする職員に電気ショックを与えてくる困りもの。だけど怒って捨てようとすると、熱い蒸気でデジタルな花を咲かせて反省のポーズをとる。憎めないアジトの幼い監視役。	OKです。
C234	指紋の消去者	佐怒賀		キャラクター	金	125	125	N		静電気で汚れを吸着する金の幼い魔物。タッチパネルの皮脂を拭い去り、認証の精度を高めてくれる。職員の作業環境をきれいに保つ協力者。その鏡面仕上げの体は、汚れ一つない秘密基地の象徴となっている。	OKです。
C235	土煙の悪戯	佐怒賀		キャラクター	土	125	125	N		通路で突然はじける土砂の幼体。職員の服や視界を汚す困りものだが、この煙は熱を遮断する性質を持つ。火災やエンジンの暴走が起きた際、熱源を包み込んでアジトの基幹回路を守る物理シールドとして機能する。	OKです。
C236	医療班・ネロ	佐怒賀		キャラクター	光	125	125	N		サイバー空間の知識を現実に転用する未熟な治療師。歯車の回転音に混じり、レーザーの駆動音が響く。傷を塞ぐ純白の閃光は、暗いアジトを優しく照らし出す。完璧な技術には遠いが、その光に嘘はなく、仲間を救い続ける。	OKです。
C237	狩人・エリス	佐怒賀		キャラクター	闇	125	125	N		蒸気と電子の混じる路地裏で、標的の鼓動を追う見習いの狩人。自作の熱感知スコープはノイズが多く、完全な狙撃には至らない。しかし、放たれたウイルス矢は確実に敵の防壁を侵食し、静かな死を振りまいていく。	OKです。
C238	溶岩使い・ゲン	佐怒賀		キャラクター	火	125	125	N		ガラクタを溶かして弾丸に変える未熟な職人。狙いはまだ不正確だが、放たれる溶岩の熱量は本物だ。敵の電子回路を物理的に焼き溶かし、再起不能にする。制御しきれない火花が、彼の未熟さと底知れぬ火力を物語る。	OKです。
C239	霧殺・キサラ	佐怒賀		キャラクター	水	125	125	N		蒸気を操り、アジト周辺を真っ白な霧で包み隠す。未熟な技術ゆえに霧の濃度が安定しないこともあるが、隠密行動の才能は誰もが認める。彼女が放つ冷気は、敵の回路を凍らせ、電子の鼓動を静かに停止させる。	OKです。
C240	重刀使い・ゾル	佐怒賀		キャラクター	木	125	125	N		重厚な刀を強引に操り、廃棄区画のガラクタを切り裂く。AIの予測を無視した重い一撃は、時に理論を超えた破壊力を生む。装備の調整も自分で行うが、配線ミスで煙を吹くことも多い。成長途中の未熟な力が基地を震わせる。	OKです。
C241	忘却の煙	佐怒賀		キャラクター	金	125	125	N		書き込み中のデータを食べる雲のような幼体。基盤の隙間に潜り込み、保存前の作業内容を霧散させる。この煙が通り過ぎた後の端末には、空っぽのフォルダと職員の絶望だけが残る。スチームパンクの迷宮に漂う天敵。	OKです。
C242	石炭の幼獣	佐怒賀		キャラクター	土	125	125	N		石炭を主食とする幼い魔物。ボイラー室の燃料を食い尽くし、基地の蒸気圧をゼロにする。お腹が空くと暴走し、デジタルの制御すら受け付けない。その無邪気な食欲は、アジトの全機能を停止させる最大の脅威だ。	OKです。
C243	電力の吸い殻	佐怒賀		キャラクター	光	125	125	N		コンセントに噛みつく小さな塊。蓄えた電気をむいみに放電し、まわりの機械を動かなくさせる。職員のパソコンを勝手に消してしまう、光るいたずらっ子。アジトの電気を食べて育つ、やっかいな幼い魔物。	OKです。
C244	影喰らい	佐怒賀		キャラクター	闇	125	125	N		蒸気パイプの影に潜む、ぷにぷにした闇の幼体。職人が作業に飽きた隙に、大事なネジや工具をこっそり飲み込んで隠してしまう。悪気はないが、取り出すには好物の古いオイルを与えて機嫌をとる必要がある。	OKです。
C245	アッシュメイデン	佐怒賀		キャラクター	火	125	125	N		灰を撒き散らしながら歩く幼い魔物。触れるものすべてをじわじわと焼き焦がし、精密機械をススで詰まらせて壊してしまう。悪気なく熱を放ち続ける姿に、秘密基地の職員たちは消火器を抱えて走り回るハメになる。	OKです。
C246	冷却刃・マリン	佐怒賀		キャラクター	水	125	125	N		蒸気の熱を奪う氷の刃を構える見習い。敵の装甲を凍らせて砕く戦法を繰り返すが、冷気で感覚の消えた腕は震えが止まらない。秘密基地の隅で、今日も霜の降りた愛刀を研ぎ続ける。	OKです。
C247	双剣使い・ハク	佐怒賀		キャラクター	木	125	125	N		不安定な電子信号を双剣に流し込む未熟な職人。加速装置の暴走に振り回されながらも、アナログな歯車の噛み合わせを微調整する。未完成な武器と共に、静かな秘密基地の隅で、自分だけの正解を必死に手探りしている。	OKです。
C248	騎槍・ジャック	佐怒賀		キャラクター	金	125	125	N		高圧蒸気の力で破壊力を高める槍術の未熟な使い手。接敵時のタイミング制御に課題を残すが、一撃の重さは目を見張るものがある。センサーが捉えた座標へ正確に突き出すため、彼は今日も駆動系の調整に没頭する。	OKです。
C249	岩砕学者・ガト	佐怒賀		キャラクター	土	125	125	N		地層に眠る旧世代の回路を掘り起こす見習い職人。スチーム機関の熱気に耐えながら、硬い岩石を力任せに粉砕しては、希少な素材を選別する。土埃とオイルの匂いに包まれ、基地の土台を支えるために槌を振り下ろす。	OKです。
C250	破光槌・レン	佐怒賀		キャラクター	光	125	125	N		巨大な特殊合金の槌を振るう、寡黙な見習い鍛冶職人。打撃の瞬間に放たれる過剰な光圧は、対象の装甲を物理的に粉砕するだけでなく、内部の電脳回路をも等しく焼き尽くす。未熟ゆえの出力制御不能が、皮肉にも最強の閃光を生む。	OKです。
C251	ボルト拾い	佐怒賀		キャラクター	闇	125	125	N		暗い床下を這い回り、職人が落とした部品を集める幼い魔物。小さな手で拾い上げたボルトを、持ち主の足元へ静かに置いていく。蒸気とノイズに紛れて働く彼らの奉仕に、気づく者は少ない。	OKです。
C252	火喰いのテイル	佐怒賀		キャラクター	火	125	125	N		断線した動力ケーブルを尻尾のように引き摺る幼体機械。漏電を吸い込み成長するが、満腹になると高熱の蒸気を吹き出し、廊下をサウナに変えて職員を困らせる。一方で、その熱は凍結したメインサーバーを溶かし、システムダウンの危機を救うこともある。	OKです。
C253	氷結のソリッド	佐怒賀		キャラクター	水	125	125	N		精密な配管の隙間に入り込み、熱暴走した基板を冷やす健気な幼体。凍った体で熱を吸い取り、蒸気機関の爆発を未然に防いでくれる。一生懸命に冷気を放ち、静かに職員の作業を支える小さな守護者だ。	OKです。
C254	充電ボットの実	佐怒賀		キャラクター	木	125	125	N		ケーブル状の枝に実る幼い機械モンスター。電気が切れた端末を見つけると、自ら近寄って充電してくれる。一生懸命に放電を繰り返す健気な姿は、忙しく働くアジトの職員たちにとって静かな癒やしとなっている。	OKです。
C255	磁気嵐の暴君	佐怒賀		キャラクター	金	125	125	N		強力な磁石の体を持つ幼い魔物。周囲のネジや工具をうっかり吸い寄せてしまう。本人は手伝うつもりだが、大事な部品をくっつけて職員を困らせる。未熟な磁力は、時折システムのノイズを消し去る助けにもなる。	OKです。
C256	岩盤破・オル	佐怒賀		キャラクター	土	125	125	N		硬い岩盤を粉砕するために、重火器を改造し続ける見習い職人。サイバー装甲の隙間を狙う精密射撃はまだできないが、広範囲を土砂ごと吹き飛ばす威力は本物。泥にまみれた防護服が、日々の過酷な修練を物語っている。	OKです。
C257	静電界・エム	佐怒賀		キャラクター	光	125	125	N		電磁バリアを展開してアジトを守る未熟な職人。飛んでくる弾丸の軌道を磁力で強引に曲げ、味方への直撃を防ぐ。出力の安定にはまだ苦労しているが、放たれる光の壁は、襲撃者にとって極めて厄介な障害となる。	OKです。
C258	ハッカー・キイチ	佐怒賀		キャラクター	闇	125	125	N		古い端子を磨き、アジトのメインフレームに潜り込む見習い。未完成のハッキングコードを走らせ、監視カメラの視界をジャックする。物理的な鍵を開けるより、電子の海から機密を釣り上げる手応えを優先している。	OKです。
C259	油炎防衛官・ロク	佐怒賀		キャラクター	火	125	125	N		高熱の油と火種を操り、通路を封鎖する防衛部門の見習い。デジタル信号が途切れた闇の中で、燃焼する油の熱量だけを頼りに敵を迎え撃つ。経験不足で未熟な槍捌きだが、その一突きはアジトを守る熱い意志を宿している。	OKです。
C260	水鏡・ミミ	佐怒賀		キャラクター	水	125	125	N		薄い水膜を空中に張り、偽の景色を映し出す防衛職人の見習い。敵が幻に銃を撃つ隙に、背後のシステムを強制停止させる。屈折率の計算ミスで映像が歪むこともあるが、静かに侵入者を情報の海へとはめ込み、翻弄する。	OKです。
C261	バイオブースタ	佐怒賀		キャラクター	木	125	125	N		歯車と蔦が混ざりあった不思議な幼体。機械に繋がると、プログラムに植物のような成長力を与えて、勝手に進化を助けてくれる。小さな体で秘密基地のシステムをどんどん新しく変えていく、頼もしい魔物。	OKです。
C262	鋼の拒絶者	佐怒賀		キャラクター	金	125	125	N		ハッチに擬態する幼い防壁ロボ。未熟なAIが認証コードを勝手に書き換え、職員を部屋から締め出す。小さな真鍮の体で通路を塞ぎ、蒸気を吹き出しながら扉を離さない。その頑固な重圧は、誰の言葉も受け付けない。	OKです。
C263	炭素吸着の実	佐怒賀		キャラクター	土	125	125	N		排煙を食べて育つ植物モンスター。空気の汚れを吸収するが、限界がくると激しく破裂する。周囲に黒い粉をまき散らすため、掃除担当をいつも困らせている。役に立つようで手が焼ける厄介な幼体。	OKです。
C264	重光ペンギン	佐怒賀		キャラクター	光	125	125	N		質量を持つ光を手から排出する鳥型の幼体。通路に粘着性の光を塗り広げ、職員のブーツを吸着して歩行を邪魔する。掃除しようと触れると、重光ペンギンはさらに強く発光し、眩い光で作業者の視界を赤く染めて抵抗する。	OKです。
C265	パイプクラッシャー	佐怒賀		キャラクター	闇	125	125	N		蒸気パイプを逆走し、内側から配管を壊して回る幼い魔物。不意に吹き出す熱い蒸気で、職人たちの邪魔をしては喜ぶ。逃げ惑う人々の影を捕らえて自分の皮膚に取り込み、闇に紛れてその姿をどんどん大きくしていく。	OKです。
C266	炭火槍・ロブ	佐怒賀		キャラクター	火	125	125	N		先端に高熱の炭を仕込んだ槍を操る見習い。刺突の衝撃で火種を植え付ける戦法をとる。炭の燃焼時間を読み違え、戦闘中にただの鉄棒となることも多いが、火が灯る瞬間の熱量だけは誰にも負けない。	OKです。
C267	散水者・ベル	佐怒賀		キャラクター	水	125	125	N		天井の蒸気バルブから冷却水を噴き出し、周囲を濡らす装置を遠隔で作動させる見習い。濡れた床に電流を流し、敵の動きを止めるための調整中。無機質な瞳で導電率を計測しながら、今日も静かに基地内の配管をいじり回している。	OKです。
C268	鞭使い・リナ	佐怒賀		キャラクター	木	125	125	N		電流を帯びた木製と剛鉄の鞭を振るい、遠くから電子ロックを解く練習中。けれど、狙った場所以外を叩くことが多く、いつも「リナ」の周りでは配管が壊れて蒸気が噴き出している。まだ未熟だが、その一撃は確実に破壊力を増している。	OKです。
C269	両刃斧使い・ガナ	佐怒賀		キャラクター	金	125	125	N		二つの刃を使い分け、アジトの外壁に巣食う樹木を根こそぎ解体する見習い職人。機械の隙間に根を張る植物を嫌い、日々の鍛錬で得た重厚な斧の一振りで、配管の安全と動力源の静寂を物理的に確保し続けている。	OKです。
C270	崩落工兵・ルレン	佐怒賀		キャラクター	土	125	125	N		地下の空洞を網の目状に把握する見習い。踏み込めば即座に足元が抜ける地表の罠を仕掛け、侵入者を砂の底へ沈める。地層の微かな響きを聞き分け、今日もアジトの秘密通路を静かに掘り進めている。	OKです。
C271	論理の彫刻師	佐怒賀		キャラクター	光	125	125	N		指先から放つ鋭いレーザーで、真鍮の歯車に複雑な回路を刻み込むアンドロイド。彫刻師が施す光の紋様は、古びた機械に新たな命を吹き込み、秘密基地の演算速度を劇的に高める。その正確な仕事は、静かな秩序を築く。	OKです。
C272	熱を奪う幼魔	佐怒賀		キャラクター	闇	125	125	N		オーバーヒートした基板に張り付き、致死的な高熱を吸い取る幼体。作業を助ける献身的な性質を持つが、触れた者の体温まで等しく奪い去る。赤黒く変色した体躯は、二度と消えない凍傷を職人の魂に刻みつける。	OKです。
C273	灼熱の試作機	佐怒賀		キャラクター	火	125	125	N		排熱処理を放棄した自律駆動の試作モデル。触れるもの全てを炭化させる過剰な熱量を撒き散らす。執務室の重要書類を瞬時に灰へ変え、職員の電子デバイスを物理的に溶解させるため、常に焼却炉内での隔離保管が求められる。	OKです。
C274	水圧噴射ジェット	佐怒賀		キャラクター	水	125	125	N		詰まった配管を掃除する支援機。水圧が強すぎて、配管ごと壁を突き破り、反対側の区画を水浸しにする。掃除のたびに広範囲の損壊と浸水を伴う。現場を混乱させる、出力調整ができない不器用なアンドロイド。	OKです。
C275	解毒の果汁付与者	佐怒賀		キャラクター	木	125	125	N		煤煙が漂う作業場を浮遊する球体のアンドロイド。センサーで有害物質を感知し、完熟した果実から中和剤を散布する。浄化された空気と共に、微かな新緑の香りを現場に漂わせ、職員の健康を静かに支える。	OKです。
C276	重盾・バハム	佐怒賀		キャラクター	金	125	125	N		基地の外壁材を転用した無骨な大盾を構える。裏面に刻まれた電子回路が、衝撃を熱エネルギーへと変換する。防陣の隙間から覗く瞳は、未熟ながらも一歩も退かぬ意志を宿している。	OKです。
C277	粉砕・ログ	佐怒賀		キャラクター	土	125	125	N		巨大なハンマーを振るう未熟な壊し屋。蒸気の勢いで岩壁を粉砕し、アジトの道を強引に切り拓く。一撃の重さは凄まじいが、狙いが外れて自分の足元を壊すこともある。粗削りな一撃が、静かな戦場を震わせる。	OKです。
C278	閃光の凶刃・ライゾ	佐怒賀		キャラクター	光	125	125	N		高周波の光を纏う刃を操る、未熟な襲撃者。白く輝く一撃は、秘密基地の防壁をバターのように焼き切る。出力調整ができず、漏れ出す電光に身を焼きながらも、略奪の快楽に染まった瞳は次の獲物を執拗に追い続ける。	OKです。
C279	幻惑・シズル	佐怒賀		キャラクター	闇	125	125	N		特殊な蒸気で偽の姿を映し出す、未熟な攪乱役。守備側の目を逸らす間に、標的の背後へ忍び寄る。実体のない残像に弾丸を撃ち込ませ、混乱の中で冷たくログアウトを宣告する。秘密基地の闇に溶ける少年。	OKです。
C280	灰燼・ルード	佐怒賀		キャラクター	火	125	125	N		奪った部品をその場で溶かし、持ち出しやすいインゴットに変える。破壊と回収を同時に行う効率的な略奪。彼の通った後には、何も残らない。デジタルデータの残滓さえも、高熱の炉で物理的な重みへと変えられる。	OKです。
C281	ミストリペア	佐怒賀		キャラクター	水	125	125	N		霧状の修復液を噴霧する小型ドローン。微細な亀裂に浸透して防錆処理を施す。視界を遮る欠点はあるが、基幹システムの腐食を防ぎ、基地の心臓部を陰ながら守る。精密な霧で設備の寿命を延ばす、有能な清掃員だ。	OKです。
C282	風除けの盾型ロボ	佐怒賀		キャラクター	木	125	125	N		大きな強化木材のパネルで、激しい蒸気の風を防ぐ。中心の歯車が回転して角度を調整し、仲間を安全な場所へ導く。頼もしい防護用ロボット。あちこちに絡まった蔦が、衝撃を和らげるクッションの役割を果たす。	OKです。
C283	導電の仔馬	佐怒賀		キャラクター	金	125	125	N		尻尾のプラグをコンセントに差し込み、電力を探し回る幼い魔物。勝手な充電で停電を引き起こすが、緊急時には蓄えた電気を供給してくれる。導電の仔馬が跳ねるたび、基地の回路には黄金の火花が静かに散り響く。	OKです。
C284	地殻のトロール	佐怒賀		キャラクター	土	125	125	N		地下階の床を隆起させ、サーバーラックを物理的に傾ける。わずかな傾斜が冷却液の循環を止め、基幹システムを熱暴走へ追い込む。地殻のトロールが通った後は、精密機器の水平が狂い、修繕作業が延々と繰り返される。	OKです。
C285	高電圧の双子	佐怒賀		キャラクター	光	125	125	N		常にペアで浮遊する球体型の自律機械。二体の間に高出力のレーザーを張り、通路を物理的に切断する。職員の移動ルートを制限し、アジト内の物流を停滞させる厄介な存在。回避不能な光の障壁で侵入を拒み続ける。	OKです。
C286	狂戦士・ギール	佐怒賀		キャラクター	闇	125	125	N		最新デジタル技術を使いこなせない見習いの身でありながら、禁忌のコードを自身の神経に書き込む。重厚な歯車の剣を振り回すその姿は、秘密基地の闇を赤く染め上げる。	OKです。
C287	焼尽士・ルウナ	佐怒賀		キャラクター	火	125	125	N		大気を焼いて真空を作る、焼尽士の見習い。ルナの火は熱を奪うのではなく、命に必要な空気を奪う。秘密基地の回路が酸素不足で止まるたび、彼女は静かな暗闇の中で次の獲物を探し、また指先に小さな火を灯す。	OKです。
C288	重水圧・ボスト	佐怒賀		キャラクター	水	125	125	N		狭い通路に高圧の水を流し、物理的な重さで敵を押し潰す防衛担当。ボルトはまだ水圧の加減を知らない未熟な職人だ。デジタルでは計算しきれない流体の暴力で、秘密基地に近づく侵入者を無慈悲に押し留める。	OKです。
C289	円月刃・ルア	佐怒賀		キャラクター	木	125	125	N		円月刃の中央から蒸気を吹き出し、円を描くように敵を切り裂く。モノクル型センサーを使いこなせない見習いだが、その一撃は重い。鉄の街のルールを無視して暴れまわる。青い火花が、彼女の未完成な才能を照らす。	OKです。
C290	鋼線網・スズミ	佐怒賀		キャラクター	金	125	125	N		蒸気ユニットから供給される鋼線を自在に編み上げる見習い。鋭利な金属糸で罠を仕掛け、敵の自由を奪う。まだ手元の操作に迷いがあるものの、その網は確実に獲物を捉える。硬質な銀光が、彼女の冷徹な眼差しと重なる。	OKです。
C291	コハクの幼生体	佐怒賀		キャラクター	土	125	125	N		光を帯びた樹脂の体に、機械の破片を取り込む習性を持つ。職員が落とした精密なネジや歯車を体内で保護し、あちこちへ運んでしまう。図らずも紛失を防いでくれるが、返してもらうには少しコツがいる幼い魔物。	OKです。
C292	ホロ・コロン	佐怒賀		キャラクター	光	125	125	N		ホログラムの幼体。視界の端で点滅し、なくした工具の場所を光の粒子で教えてくれる。実体はないが、その微かな光は暗いダクト内を優しく照らし出す。迷子になった職員をひっそりと出口へ導く、頼れる道標だ。	OKです。
C293	鋼鉄の執行者	佐怒賀		キャラクター	闇	125	125	N		錆び付いた大鎌を持つ警備ロボ。蒸気機関の律動に合わせ、プログラムされた殺戮命令だけが、凍てついたメモリ内で循環している。その刃が描く軌跡は、暗号化された暗い通路に逃げ場のない終焉を刻み込む。	OKです。
C294	スチームパピー	佐怒賀		キャラクター	火	125	125	N		配管の熱を好む犬型機械の幼体。冷えた職員の指先を内蔵ボイラーの余熱で温める習性がある。石炭の欠片を与えると、嬉しそうに小さな火花を散らし、薄暗い通路の足元を一定時間照らし続ける。	OKです。
C295	洗浄の泡玉	佐怒賀		キャラクター	水	125	125	N		煤まみれの基板やレンズを好んで転がる幼体。油膜や埃を跡形もなく取り去る。彼らが通った後のセンサーは新品同様の視界を取り戻し、電子回路の伝達を加速させる。稀に力加減を誤り壊してしまう事もある。	OKです。
C296	六尺棍棒・ベアン	佐怒賀		キャラクター	木	125	125	N		強化木にボルトを打ち込んだ重い棍棒を振るう。電子制御の補助装置に頼りすぎる癖があり、未熟なスイングは重心がブレてしまう。秘密基地の配管を叩いては、火花と蒸気に驚く日々を過ごす見習い職人。	OKです。
C297	索敵槍・ユン	佐怒賀		キャラクター	金	125	125	N		穂先の高感度センサーで壁越しの熱源を捉え、蒸気噴進と共に突き穿つ。アナログな刺突とハイテクな照準を同期させる技術は、まだ発展途上。彼が掃き溜めから拾い上げたノイズが、基地の危機を未然に防いでいる。	OKです。
C298	化石復元・アンナ	佐怒賀		キャラクター	土	125	125	N		土層に埋まった旧式の基板を磨く未熟な職人。蒸気で岩石をふやかし、泥にまみれた記憶媒体を救い出す。電子のゴミと笑われても、土の中に眠るロストテクノロジーの断片を信じ、今日もひたむきに化石を解析する。	絵柄がTOYBOXの世界観とあっててばっちりです。
C299	電磁の警棒・キル	佐怒賀		キャラクター	光	125	125	N		巨大な絶縁蓄電池を背負う、新米の守衛。調整不足の警棒から漏れる青白い火花が、湿った蒸気を焼き切る。そのぎこちない一撃は、侵入者の神経系を一時的に沈黙させる。未熟な少年だが、放電の輝きは鋭く路地を照らす。	OKです。
C300	影守・オリ	佐怒賀		キャラクター	闇	125	125	N		アジトの暗がりに潜み、侵入者の背後を監視する少年。気配を消す技術は高いが、反撃の好機を待ちすぎて逃すなど、実戦経験はまだ足りない。未熟な守衛として、薄暗い通路の隅から鋭い視線で静かに敵の影を追い続ける。	ちょっとリアルですね、周りと絵柄があってるとなおベターです ＯＫです
C301	炎上のスクラップ	佐怒賀		キャラクター	火	125	125	N		燃え尽きることのないゴミの塊。通路の真ん中に鎮座し、消火器の噴霧をエネルギーに変換してさらに激しく燃え上がる。職員の通行を数時間にわたり遮断し、アジトの物流を物理的・心理的に停滞させる。	OKです。
C302	歯車洗いの子	佐怒賀		キャラクター	水	125	125	N		小さな歯車を抱えた液状の幼体。汚れた部品を体内に取り込み、超音波で精密洗浄を行う。洗浄後はデジタル信号で「完了」を通知する。職員のポケットに隠れ、常にメンテナンスの機会を伺っている。	OKです。
C303	お掃除マリモ	佐怒賀		キャラクター	木	125	125	N		帯電した繊維で金属粉を吸着する丸い幼体。職員の背後を転がり床を掃除し、精密機器へのゴミ混入を防ぐ。中身が満杯になると蒸気弁を鳴らすと、自分の清掃を静かに要求する。時には吸着し過ぎて逆にゴミをまき散らす事もあるので職員は見守るのだ。	OKです。
C304	油切れの歩行脚	佐怒賀		キャラクター	金	125	125	N		油切れの歩行脚は、凄まじい摩擦音を立てて徘徊する機械。金色の関節から散る火花は、周囲のガスへの引火を誘発する。この機械が徘徊する度に職員達は作業を中断し停止させなければいけないので、厄介な機械である。	「その不快な騒音は職員の精神を削り」　という表現があまりよろしくないですね。 ↓ OKです。
C305	研磨の石獣	佐怒賀		キャラクター	土	125	125	N		精密機器を砂で磨き上げる習性を持つ魔物。良かれと思って行うその行動は、サーバーの冷却ファンに砂を噛ませ、基盤をショートさせる。研磨の石獣が通った後には、沈黙した端末だけが残る。しかし稀に錆びついて動かなくなった歯車を復活させることもある。	OKです。
C306	連珠のレイオ	佐怒賀		キャラクター	光	125	125	N		背後に浮遊する7基のビットを操る見習い職人。精密な計算でレーザーを一点に集中させ、分厚い隔壁を焼き切る。技術は高いが実戦経験は乏しく、熱中しすぎて周囲の状況を忘れる青臭さが残る。未熟な少年は光の糸で未来を切り拓く。	OKです。
C307	刃使い・カムイ	佐怒賀		キャラクター	闇	125	125	N		特殊な回路が刻まれた小刀を振るう未熟な少年。刃を立てるたび、機械は電子の悲鳴を上げ、黒い煤が舞い上がる。代償に自身の右腕を痙攣しながらも、アジトの静寂を守るために彼は今日も闇の中で凶器を研ぎ続ける。	カードの表記が連珠の・レイオになっています修正してください ↓ OKです。
C308	噴炎兵・カイオ	佐怒賀		キャラクター	火	125	125	N		揮発ガスを撒き散らす未熟な工作員。火花一つで全てを吹き飛ばす準備を整え、相手の足を止める。かつて失敗した爆破任務の雪辱を果たすため、震える指先で着火ボタンを握り、静かに熱い機会を伺っている。	OKです。
C309	噴射槍・カナ	佐怒賀		キャラクター	水	125	125	N		穂先から高圧の水を噴き出す槍を扱う見習い。水流の推進力で鋭い突きを繰り出すが、反動を抑えきれずによろける場面も多い。基地の防衛を任され、背伸びをしながら必死に武器を構える。その一撃は青い軌跡を描く。	OKです。
C310	旋風鎌・カズ	佐怒賀		キャラクター	木	125	125	N		鎖で繋がれた大きな鎌を振り回す、未熟な防衛員。蒸気の噴射を利用して回転速度を上げるが、勢いが良すぎて自分まで目を回してしまう。それでも、アジトの中枢へ続く大切な通路を守るため、必死に武器を握り締める。	OKです。
C311	親機マザーギア	佐怒賀		キャラクター	金	125	125	N		背中のハッチから小型ドローンを次々と放つ母機ロボット。蒸気の力で動く巨体ながら、高度なAIで照明をハッキングし、暗闇から職員を追い詰める。親機マザーギアが放つ子機群は、逃げる者の退路を正確に遮断する。	OKです。
C312	グラウンド零号	佐怒賀		キャラクター	土	125	125	N		基礎工事用AIが暴走した姿。無意味な穴を床に掘り続け、地下の光ファイバー網を物理的に断裂させる。グラウンド零号が通った後は、通信も歩行も不可能になる。精密な電子機器を土砂で埋め尽くす厄介な旧式機。	OKです。
C313	反射の獣	佐怒賀		キャラクター	光	125	125	N		モニターや鏡の中に潜む、鋭利なガラスの体を持つ獣。デジタル映像と現実の境界を曖昧にし、操作パネルの入力を物理的に反転させる。反射の獣が牙を剥くとき、サイバー空間の秩序は崩壊し、真鍮の歯車も逆回転を始める。	OKです。
C314	オイルドランカー	佐怒賀		キャラクター	闇	125	125	N		漏れ出した廃油を啜り、命を繋ぐ人型ボット。損傷した装甲から火花を散らし、バグ混じりの電子音を漏らす。影に打ち捨てられたオイルドランカーのAIには、主人が残した古い暗号コードが刻まれ続けている。	OKです。
C315	ピクセル・フレイム	佐怒賀		キャラクター	火	125	125	N		低解像度の炎を纏う人型機械。デジタルノイズを火種とし、データセンターのサーバーラックを物理的に焼き払う。消火活動をシステムエラーとして書き換え、熱暴走を加速させるその姿は、まるで意思を持つ炎そのものだ。	OKです。
C316	水流罠・マオ	佐怒賀		キャラクター	水	125	125	N		配管工の見習いとして、地下の浸水路を日々整備している。侵入者の足元でバルブを開き、渦巻く水流で動きを封じる役割だ。重い水圧に手こずる場面もあるが、仲間が待つ秘密基地への道は、一滴の侵入も許さない。	OKです。
C317	重打・ロフ	佐怒賀		キャラクター	木	125	125	N		巨大な強化木材の槌を振るう未熟な職人。歪んだ装甲を叩き直すたびに、打撃の衝撃がデータとして蓄積され、腕を重厚に変えていく。不格好な槌跡の数だけ、このアジトを守り抜こうとする意志が静かに刻まれている。	OKです。
C318	重合板・ドアム	佐怒賀		キャラクター	金	125	125	N		防壁の修理を任された未熟な技術生。重合板を必死に繋ぎ合わせ、敵の電磁パルスからシステムを死守する。計算通りに動けないこともあるが、厚い金の装甲を信じて最前線に立ち、仲間を守るための防壁を築き続ける。	OKです。
C319	重圧歩兵・ダグ	佐怒賀		キャラクター	土	125	125	N		重い蒸気甲冑に振り回される未熟な門番。巨大な鉄槌を地面に叩きつけ、地響きで侵入者の足を止める。精密な電子回路が眠る地下通路を、土煙を上げながら必死に守り抜く。彼の震動が、秘密基地の静寂と仲間を繋いでいる。	OKです。
C320	閃光地雷・ルーナ	佐怒賀		キャラクター	光	125	125	N		光の罠を設置する未熟な職人。侵入者の足元へ静かに光学トラップを仕掛ける。感知した瞬間に網膜を焼く真っ白な閃光を放ち、進軍を物理的に停止させる。大切な居場所の静寂を守るため、少女は今日も迷わず起動スイッチを入れる。	OKです。
C321	静寂の守護機	佐怒賀		キャラクター	闇	125	125	N		吸音フィルタを持つ浮遊型アンドロイド。周囲の音圧をデジタル処理で無効化し、作業音が外へ漏れるのを防ぐ。闇に紛れて駆動音を消し去るその姿は、隠密任務の完遂を静かに支えている。静寂の守護機が今日もアジトを守る。	OKです。
C322	火災の幻影	佐怒賀		キャラクター	火	150	150	R		赤い警告灯がサーバー室を染め上げ、偽りの炎が通路を塞ぐ。熱を持たないはずの幻影に惑わされた整備士は、逃げ惑ううちに本物のボイラー室へと追い詰められる。電子の揺らめきが、今日も誰かを火災の幻影でだまし過ごすのだ。	OKです。
C323	蒸気還元の龍	佐怒賀		キャラクター	水	150	150	R		真鍮の鱗を濡らすのは、基地の熱を奪い取った廃蒸気。最新の電脳回路で水へと還し、再び命を循環させる。誇り高き龍の機嫌を損ねれば、端末は濃霧に包まれてショートし、大切な記録も湿り気の中に消えてしまう。	OKです。
C324	絡繰り守銭獣	佐怒賀		キャラクター	木	150	150	R		真鍮の骨格に偽装用の草木を纏った警備用魔物。侵入者の生体熱を感知し、背面のボイラーから高圧スチームを噴射して視界を奪う。その鋭利な爪は、物理装甲とデジタル隔壁の双方を等しく引き裂くために研ぎ澄まされている。	OKです。
C325	磁界の暴君	佐怒賀		キャラクター	金	150	150	R		強力な磁場を常時展開する大型アンドロイド。周囲の金属性破片や職員の携行武器を強制的に吸い寄せ、自らの外殻へと取り込んで肥大化を続ける。その無慈悲な引力はアジトの精密機器を狂わせ、物理的な破壊とデジタルノイズの嵐を撒き散らす。	OKです。
C326	断層切断・ガイ	佐怒賀		キャラクター	土	150	150	R		電子の刃と蒸気圧を掛け合わせた「断層鋸エッジ」を振るう。地底都市の硬い外壁をバターのように切り裂き、深部に眠る「始祖のメモリー」を奪うために突き進む。岩石の悲鳴と排気音が、静かな地下道を激しく揺らす。	OKです。
C327	刺突・ランス	佐怒賀		キャラクター	光	150	150	R		真鍮の加速器が唸りを上げ、圧縮された光の刃が闇を裂く。幼い頃に交わした「失われた設計図を取り戻す」という約束を果たすため、彼は一閃の輝きと共に防壁を貫く。その槍先が照らすのは、組織の未来と自身の誇りだ。	OKです。
C328	崩落・ザッシュ	佐怒賀		キャラクター	闇	150	150	R		設計図をなぞる指先が、構造の急所を暴き出す。かつて夢見た高層ビル「アイギス」を自ら崩したあの日、彼は建設を捨て解体を選んだ。瓦礫の山からAIチップを拾い上げ、今は静かに、侵入者の足元を砂へと変える。	OKです。
C329	溶断士・カレン	佐怒賀		キャラクター	火	150	150	R		プラズマカッターで鉄門を焼き切る少女。かつて「沈黙の街」で拾われた彼女は、電子錠さえ溶かす熱線で仲間の道を切り拓く。焦げた匂いと火花の中、ただ静かに作業をこなすその背中には、確かな信頼が寄せられている。	OKです。
C330	水雷・カグラメ	佐怒賀		キャラクター	水	150	150	R		地下配管を流れる水の鼓動を読み、侵入者の位置を特定する。独自の「蒼流回路」を床下に接続し、標的の足元で水圧を爆発させる職人。かつて壊滅した故郷の遺志を継ぎ、大切な居場所を守るために静かに引き金を引く。	OKです。
C331	ギア・スプラウト	佐怒賀		キャラクター	木	150	150	R		ゼンマイの回転で開花する機械花。放出されるナノ粒子が金属の腐食を防ぐ。だが増殖しすぎると、鋭い蔦が歯車に絡まり機関部を停止させる。点検中の職員を窮地に陥れる一方で、アジトの湿度を無機質に管理し続ける。	OKです。
C332	防錆の処方官	佐怒賀		キャラクター	金	150	150	R		真鍮の巨体を持つ防錆の処方官は、蒸気が充満する通路を巡回する。精密な電子回路を湿気から守るため、金の皮膜を噴霧し続ける。時に床まで滑らかに塗り固め、通行する職員を転倒させるが、機械に迷いの文字はない。	OKです。
C333	瓦礫の賢者	佐怒賀		キャラクター	土	150	150	R		背負った古いサーバーを湿った土で冷やし続ける旧式のアンドロイド。地層のように積み重なった膨大な記録を暗号化し、深い地中に保存している。泥にまみれた端子を繋げば、忘れ去られた過去の記憶を静かに語り出す。	OKです。
C334	案内役ビーコン	佐怒賀		キャラクター	光	150	150	R		真鍮の杖を掲げ、蒸気迷宮の道を照らすアンドロイド。そのレンズから放たれる光は、霧の先にある目的地を正確に指し示す。迷い込んだ者たちが無事に帰還できるのは、暗闇に明滅する彼の合図があるからだ。	OKです。
C335	黒鉄の調律師	佐怒賀		キャラクター	闇	150	150	R		指先一つで狂った歯車を戻す、黒鉄の調律師。絶体絶命の故障を救うその精密な手技は、現場で重宝される。だが、彼に触れられた機械は次第に主人の命令を拒絶し、意思を持つかのように闇の深淵へと動き出す。	OKです。
C336	爆撃手・グレネ	佐怒賀		キャラクター	火	150	150	R		高熱のテルミット弾を放ち、分厚い装甲を飴細工のように溶かす少年。かつて住んでいたスラムを焼いた炎を、今はデジタル防壁を焼き切る力へ変えた。蒸気に紛れて放たれる火球が、静かに進撃の合図を告げる。	OKです。
C337	凍結・セバス	佐怒賀		キャラクター	水	150	150	R		液体ヘリウムの長銃を構え、絶対零度の静寂を操る。侵入者の足元を「氷の棺」で固め、歯車の回転を止める。狙撃の後に残るのは、粉々に砕けた電子回路の破片だけ。熱を奪われた戦場に、冷たい霧が静かに降り積もる。	OKです。
C338	若木の双剣・イリア	佐怒賀		キャラクター	木	150	150	R		変幻自在の木製刀身を操る少女。薄暗い通路を駆け、侵入者の死角から双剣を突き立てる。しなやかに動く刃は厚い鉄扉の隙間を抜け、中枢回路を一瞬で断つ。静かな風が吹く頃、主を失った機械の火花だけが散っていた。	OKです。
C339	連鎖鎌・ユウリ	佐怒賀		キャラクター	金	150	150	R		金色のチェーンソー鎌を振るい、反乱を起こした自律機械を解体する職人。切れ味鋭い刃が装甲を裂くたび、電子の毒がシステムを静かに上書きしていく。沈黙した機械の残骸だけが、彼の通った道を物語っている。	OKです。
C340	破砕式重機兵・ロゴ	佐怒賀		キャラクター	土	150	150	R		かつて辺境の採掘場「アース・コア」で働いていた青年。壊れた蒸気ショベルの腕を自ら右腕に繋ぎ、電子制御のクローへと改造した。奪われた故郷の土を取り戻すため、重厚な地響きを鳴らして敵軍の分厚い装甲を砕く。	OKです。
C341	浄化のレーザー	佐怒賀		キャラクター	光	150	150	R		有害な蒸気や汚染ウイルスを、高出力の光線で瞬時に焼き払う自動人形。職員が触れる前に全ての不純物を消し去る。その冷徹なまでの正確さは、機械の街に絶対的な清潔をもたらすが、人肌の温もりさえも拒絶する。	OKです。
C342	影縫いの整備士	佐怒賀		キャラクター	闇	150	150	R		真鍮の針を操るアンドロイド。機体の亀裂を影の糸で修復し、稼働時間を延命させる。だが作業の対価として周囲の明かりを吸い尽くす。修復箇所に触れた職員の影は床に縫い付けられ、その自由は永遠に闇に封じられる。	OKです。
C343	炎雷のビット	佐怒賀		キャラクター	火	150	150	R		放電と発火を繰り返す浮遊機。通りかかる職員の髪を焦がす厄介者だが、実戦では頼れる相棒に変わる。高精度なデジタル照準で敵を捉え、圧縮された火炎弾を放つ。その熱源は、薄暗いアジトを赤々と照らし出す。	OKです。
C344	氷晶のシールド	佐怒賀		キャラクター	水	150	150	R		高硬度の氷壁を生成する防衛用アンドロイド。レーザー攻撃を水の屈折で逸らし、物理弾を厚い氷で受け止める。内部の歯車が凍り付くほどの冷気を放ち、侵入者の足跡を白く染める。拠点を守り抜く、冷徹な盾。	OKです。
C345	漏電のヤドリギ	佐怒賀		キャラクター	木	150	150	R		電線を苗床に、エネルギーを奪い成長する半機械生命体。ヤドリギの密集は照明の明滅を招き、基板を焼き切る。剥がそうとする者には、葉に蓄えた高圧電流を放出し、青白い火花を散らして無慈悲な拒絶を突きつける。	OKです。
C346	鉄扇師・クォール	佐怒賀		キャラクター	金	150	150	R		黄金の薄鋼板を重ねた扇を操る少女。幼い頃に拾った壊れた電子基板を扇に組み込み、独自の防衛術を編み出した。蒸気が噴き出す瞬間に扇を広げれば、金の刃が電磁波を放ち、迫る機械兵の回路を静かに焼き切る。	OKです。
C347	鉱脈探索者・シルバ	佐怒賀		キャラクター	土	150	150	R		蒸気式のスキャナーで地中を解析し、輝くエネルギー結晶を掘り起こす少年。愛銃を手に、回路を狙う地下の魔物を退けながら静かに歩を進める。泥にまみれた回路の欠片から、かつての高度な技術と遠い物語を読み解く探索者だ。	OKです。
C348	磁界狂戦士・ベ二ア	佐怒賀		キャラクター	光	150	150	R		巨大な電磁石を振るう少女。かつてスクラップ山で拾った鉄塊に、青白い電流を纏わせる。幼馴染のルカと一緒に作った少し歪な形の増幅器を背負い、閉ざされた隔壁を次々とこじ開けていく。その瞳は、眩い火花と共に新世界を見つめる。	OKです。
C349	重力拘束・ギュンター	佐怒賀		キャラクター	闇	150	150	R		重力場を増幅させる電磁装置を床に埋設する少年。侵入者の動きを鈍らせ、上部から蒸気カッターを雨のように浴びせる。かつて荒野で拾ったボロボロの歯車を宝物に、幼い仲間と静かな夜を守るためスイッチを起動する。	OKです。
C350	発火ハッカー・パイロ	佐怒賀		キャラクター	火	150	150	R		古い蒸気パイプにハック信号を流し込み、物理的な熱暴走を引き起こす少女。幼い頃に捨てられた地下街の回路を、自身の体温と同じ温度まで焼き上げた。モニターに映る真っ赤な警告灯を、静かな夜景のように眺めている。	OKです。
C351	水流の守護者	佐怒賀		キャラクター	水	150	150	R		水路に詰まったゴミを粉砕し、循環を守り続ける掃除屋。流れる水こそが基地の命だと知っている。デジタルの目で見えない汚れも逃さない。今日も暗い底で静かに回転し、汚れた廃液を清らかな力へと変え続けている。	OKです。
C352	幻覚の胞子兵	佐怒賀		キャラクター	木	150	150	R		排気孔から漏れる微細な胞子が、職員の視覚回路を物理的にジャックする。現実に重なるデジタルノイズが、存在しない壁や底なしの穴を網膜に描き出し、秘密基地の通路を終わりなき迷宮へと変貌させ職員達の作業や移動の妨げをするのだ。	OKです。
C353	光臨の兵騎士	佐怒賀		キャラクター	金	150	150	R		蒸気圧で巨大な剣を振るう黄金の騎士。全身を巡る金色の液体金属は、あらゆるサイバー攻撃を受け流す絶縁体として機能する。その輝きは、迷宮の最深部へと至る電子回路を、外敵から職員達を守護し続けるのだ。	OKです。
C354	化石の復元機	佐怒賀		キャラクター	土	150	150	R		地層に埋もれた旧世代のチップを掘り出し、蒸気の熱で再起動させるアンドロイド。錆び付いた回路から抽出された断片的なデータは、止まっていた秘密基地の歯車を再び回し、失われた高度文明の記憶を現代に蘇らせる。	OKです。
C355	基盤のガーゴイル	佐怒賀		キャラクター	光	150	150	R		古い石像の体に電子基板が根を張り、蒸気の熱で駆動する合成魔物。翼に張り巡らされた光ファイバーが侵入者の熱源を検知し、瞬時に警告コードを無線で飛ばす。その鋭い眼光は、秘密基地の静寂を乱す者を決して逃さない。	OKです。
C356	幻影防衛・ミラージュ	佐怒賀		キャラクター	闇	150	150	R		真鍮の投射機からナノマシンを撒き、虚像の壁を築く。侵入者が偽りの扉に触れた瞬間、背後の暗闇から鋭い電磁刃が閃く。深層区の静寂を乱すノイズは、彼女が放つ青い残像の中に溶け、実体のない終焉だけが記録される。	OKです。
C357	焔の狙撃手・イグニ	佐怒賀		キャラクター	火	150	150	R		廃熱の陽炎が揺れる換気塔の頂上から、特製の酸素焼夷弾を装填する。かつて故郷を焼いた青い炎を、今は銃口に宿して引き金を引く。一筋の閃光が鉄の巨像を内側から赤く染め上げ、少女は静かに次の火種を探し始めた。	OKです。
C358	高圧水刃士・ルグラ	佐怒賀		キャラクター	水	150	150	R		背中の水圧ユニット「ハイドロ・エッジ」を起動させ、目に見えないほど鋭い水の刃で侵入者を遮断する。かつて故郷の街を沈めた濁流を、今は大切な仲間を守るための力に変えた。青いゴーグルが、静かに敵の急所を捉える。	OKです。
C359	導水剣士・アメノ	佐怒賀		キャラクター	木	150	150	R		真鍮の義肢を流れる冷却水が、熱を持った回路を静かに潤す。アメノが振るう霊木の剣は、デジタルな波紋を広げ、迫り来る敵の装甲を瞬時に短絡させた。電子の霧に紛れ、たった一人で秘密の心臓部を守り抜く。アジトの静寂は、この一振りによって保たれている。	OKです。
C360	金磁加速狙撃・シオン	佐怒賀		キャラクター	金	150	150	R		黄金のレールガン「鳴神」を肩に担ぎ、シオンは電子の風を読んだ。蒸気で冷やされた金色の銃身が、侵入者の回路を静かに見据える。引き金を引いた瞬間、音速を超えた一撃が基地の静寂を貫き、守るべき仲間との絆を繋ぎ止めた。	OKです。
C361	油泥の吸い取り	佐怒賀		キャラクター	土	150	150	R		古びた関節から潤滑油を奪い去る魔物。油を吸うほどに肥大化し、通路を塞ぐ岩石へと変質する。駆動系を干からびさせ、鉄の軋鳴と火花を撒き散らす。その重圧が、地下の静寂を物理的に削り取っていく。	OKです。
C362	散乱魔プリズ	佐怒賀		キャラクター	光	150	150	R		結晶の角を持つ魔物プリズ。サーチライトの光を乱反射させてアジトの通路を真っ白に変える。迷い込んだ職員の方向感覚を狂わせる光の迷路を作り出し、秘密基地の深部への到達を不可能にし、焦りだす職員の様子を喜びとする厄介な魔物である。	OKです。
C363	常闇の削岩機	佐怒賀		キャラクター	闇	150	150	R		両腕の超硬ドリルで硬い岩盤を穿つ重作業アンドロイド。地下深くの暗闇に隠された秘密の通路を強引に開拓する。寡黙に作業をこなすその背中は、迷える作業員たちに進むべき道を示し、無言で彼らの窮地を救う。	OKです。
C364	溶融炉の監視者	佐怒賀		キャラクター	火	150	150	R		制御盤と融合した無機質なアンドロイド。液晶画面に炎のコードを走らせているが、かつて溶融炉に落ちた人間を救えなかった過去を持ち。二度と悲劇を繰り返さぬよう、赤外線の瞳で今日も静かに熱量と安全を管理し続けるのだ。	OKです。
C365	氷刃機スノウ	佐怒賀		キャラクター	水	150	150	R		氷刃機スノウは熱暴走したシステムを切り離すロボット。錆びた歯車と青い冷却液の体を持っていて、両腕の氷の刃で暴走部位を物理的に切断させ、基地の崩壊を阻止する。冷たい霧を纏いながら、今日も暗い配水管を進む。	OKです。
C366	樹脂爆・エミリエンヌ	佐怒賀		キャラクター	木	150	150	R		特殊樹液を詰めた真鍮弾を放つ投擲兵。かつて枯れ果てた電子都市セフィロトで拾った植物の種と、廃材の基板を組み合わせて自作した。付着すると瞬時に硬化する樹液で、精密な光学センサーの視界を物理的に塞ぐ。	OKです。
C367	銃剣装填工・ハヤメ	佐怒賀		キャラクター	金	150	150	R		真鍮の銃に超硬質のモノ分子剣を組み込む職人。かつて外の街から逃げてきた彼女だが、今は隠れ家で仲間を守る武器を造る。射撃の熱を刃の振動に変える新機構が、大切な居場所へと迫る追手を静かに退けるのだ。	OKです。
C368	磁鉄装甲兵・グスタ	佐怒賀		キャラクター	土	150	150	R		砂鉄の嵐をまとい外壁に立つ。かつて鉱山で拾われた少年は、拾い主の残した古い磁力装置を胸に組み込んだ。襲い来る泥棒たちの弾丸を、黒い砂の盾が静かに弾く。彼はただ、静かに目を閉じ、大切な場所を守り抜くのだ。	OKです。
C369	切断工・キース	佐怒賀		キャラクター	光	150	150	R		超振動ブレードを握る少女。重い装甲扉の前に立ち、刃に熱を込める。かつてアジトの建設を担った彼女の手は、今では道を切り開くために動く。火花が散り、鋼鉄が溶け落ちる。厚い壁の向こうへ、一歩を踏み出した。	OKです。
C370	斬撃者・アキバ	佐怒賀		キャラクター	闇	150	150	R		高周波の刃を振るう少年。廃棄街クロウの闇に潜み、裏切り者のサイバー義肢を無慈悲に両断する。真鍮の刃が放つ高熱は、傷口を焼き潰して相手の自己再生機能を封じる。彼が通った後には、沈黙した鉄屑だけが残る。	OKです。
C371	赤銅のイグニス	佐怒賀		キャラクター	火	150	150	R		赤銅のイグニスは、かつて廃棄された重機に高度な人工知能が宿った機械。内蔵の火力発電機は電脳世界のノイズに同期して燃え上がり、暗いアジトの地下通路を静かに照らす。彼は今日も無言で侵入者の痕跡を焼却する。	Rマークがついておりません
C372	水銀霧のドロイド	佐怒賀		キャラクター	水	150	150	R		重い真鍮の体。関節のガラス管を脈打つのは、銀色に輝く有毒の液体。排気口から漏れる冷たい水銀の霧が、秘密基地のサーバー室を満たしていく。視界が遮られ、計器が狂う。職員はマスクを着け、無言で霧を睨む。	Rマークがついておりません
C373	オークアーム	佐怒賀		キャラクター	木	150	150	R		鋼鉄の街で働く巨躯の木製ロボット。重厚なギアや高圧シリンダーを軽々と持ち上げ、迷宮のような秘密基地の拡張作業を黙々と支え続けている。鋼の冷たさと木の温もりが重なり、無機質な歯車の世界に確かな生命の鼓動を刻み込む。	Rマークがついておりません
C374	鉄魔像クロム	佐怒賀		キャラクター	金	150	150	R		廃棄された重機から組まれた鉄魔像クロム。背中のボイラーを唸らせ、未知の電脳コードを冷徹に実行する。暗い地下のアジトで、侵入者を無言で排除する防衛用ロボット。その分厚い装甲には、無数の弾痕が刻まれている。	Rマークがついておりません
C375	液状化泥兵	佐怒賀		キャラクター	土	150	150	R		地下廃液と汚泥が混ざり合い起動した泥の防衛機。侵入したゼロの視覚センサーを泥水で物理的に遮断し、制御バルブへの接近を阻む。無言で立ちはだかるその姿は、かつて廃棄された旧式コアの記憶をなぞっている。	Rマークがついておりません
C376	電弧衝撃・バディン	佐怒賀		キャラクター	光	150	150	R		真鍮の拳を握り、少年は暗い通路に立つ。背負う蒸気ボイラーが静かに唸り、高電圧の熱がナックルに溜めこんで。奪われた設計図を取り戻すため、彼は逃亡者の背後からサイバー義肢の接続部へと一撃を叩き込んだのだ。	Rマークがついておりません
C377	徹甲槍・リョウマ	佐怒賀		キャラクター	闇	150	150	R		重厚な防爆隔壁の前で、少年は巨大な回転槍の油圧シリンダーを引き絞る。激しい金属音と共にドリルが高速回転し、火花が暗闇を照らす。冷徹な視線の先、分厚い鋼鉄の扉がねじれ、地下基地の最奥へと道が開かれる。	Rマークがついておりません
C378	発火鞭・ミレイ	佐怒賀		キャラクター	火	150	150	R		機械の暴走を止めるため少女は真鍮のグリップを握り。熱線を帯びた金属の鞭が、煙るアジトの暗闇を赤く切り裂くと火花が散り、暴れる歯車が静まると彼女は静かに汗を拭い、次の現場へと静かに歩き出すのだ。	Rマークがついておりません
C379	飛沫手裏剣・サク	佐怒賀		キャラクター	水	150	150	R		高圧で固めた水の円盤を放つ真鍮の小手を調整する。かつて浸水した旧市街の廃墟で拾われた孤児は、今では寡黙な兵器職人だ。静寂の作業場で歯車を回し、刃の切れ味を確かめる。冷たい水滴が、暗い床に静かに落ちる。	Rマークがついておりません
C380	巨木伐採・ロギ	佐怒賀		キャラクター	木	200	200	R		地下の電子森で、少年ロギの持つ大型チェンソーが火花を散らす。ハッカー集団のウイルスを含んだサイバー巨木を、力強く切り倒していき削り取られた光の木屑は、秘密基地の新たな防壁データへと生まれ変わるのだ。	Rマークがついておりません
C381	金箔の紙破砕機	佐怒賀		キャラクター	金	200	200	R		機密文書を金粉へと変えるアンドロイド。錆びた歯車でアジトの秘密を守る。だが、時折エンジニアの大事な設計図や報告書まで金粉にして困らせる。散らばる金粉の山は、消された情報の重みと静かな日々の記録だ。	Rマークがついておりません
C382	砂喰いのグラインダー	佐怒賀		キャラクター	土	200	200	R		砂利を噛み砕く旧式破砕機。金属の床を削り、アジトの通路に陥没を作る。吐き出された砂塵が精密機器のファンを詰まらせ、システムを麻痺させるのだ。中央演算室への道を阻むこともしてくる為、技術者泣かせの自律型ロボット。	OKです。
C383	虹彩のノイズゴースト	佐怒賀		キャラクター	光	200	200	R		アジトの配線から漏れたプリズムの霧。光学センサーを狂わせ、職員の作業を邪魔する魔物。だが、乱反射する光の波形を完全に解析した時、錆びた歯車の奥に隠された秘密の暗号データが静かに浮かび上がるのだ。	OKです。
C384	ダークジェネレータ	佐怒賀		キャラクター	闇	200	200	R		主電源が落ちたアジトの最下層で、黒いシリンダーが重い音を立てて回り出す。内部の闇エネルギーが沸騰し、非常用電力をフロアへ送り込む。沈黙した防犯システムが再起動し、迫り来る外敵の侵入を未然に防ぐ。	OKです。
C385	蒸気纏いの火竜	佐怒賀		キャラクター	火	200	200	R		秘密基地の熱源炉に潜む、鋼鉄のウロコを持つモンスター。背中の歯車が回ると、高度な電子頭脳が敵の動きを計算する。誤差のない正確な軌道で熱い火の玉を放ち、侵略者のデータを焼き尽くして施設を静かに守り続ける。	OKです。
C386	凍結散弾工・アイミ	佐怒賀		キャラクター	水	200	200	R		凍結液を装填した無骨な銃を持つ少女。錆びた鉄パイプが迷路のように走る地下のアジトで、彼女は侵入者の電子ドローンを氷の弾丸で撃ち落とす。冷たい霧の向こうで、静かにガスマスクのレンズが青く光っている。	ＯＫです
C387	白樺弓術士・アイン	佐怒賀		キャラクター	木	200	200	R		白樺で作られた弓を扱う少女。形状記憶ワイヤーとナノ発信機を張り、 放たれた矢の着弾点から都市スラムの構造データを電脳空間へ転送する。 冷徹な電子網に追われる仲間を救うため、少女は止まる事無く無機質な歯車の街を駆ける。	ＯＫです
C388	剛鉄刺又・ハイネ	佐怒賀		キャラクター	金	200	200	R		チタン製の伸縮式刺又を操る少女。アジトに迷い込んだ不審者の自由を物理的に奪い、そのまま端末に繋いで電子データを静かに抜き取る。無機質な金属音が響く暗がりで、彼女は侵入者の記録を淡々と処理していく。	ＯＫです
C389	機関砲射撃者・オズ	佐怒賀		キャラクター	土	200	200	R		廃材の鉄屑を拾い集め、自作の重機関銃に装填する。オズの任務は、アジトへと続く錆びた鉄橋を死守すること。放たれる弾丸が侵入者の装甲を削り取り、少年は無言で引き金を引き侵入者を追い返し鉄橋を守護するのだ。	ＯＫです
C390	光子爆薬・シオノ	佐怒賀		キャラクター	光	200	200	R		真鍮シリンダー内で発光液とニトロを調合する少年。爆発と共に放たれる熱線と強烈な光量子が、敵の電子チップを焼き切る。アジトの最下層にある薄暗い危険物倉庫で、日々新たな調合比率の実験を繰り返している。	ＯＫです
C391	ハング・フレーム	佐怒賀		キャラクター	闇	200	200	R		通信回線に割り込むアンドロイド。黒い画面ノイズを発生させ、キー入力を無視する。かつて破棄された通信記録を読み込み、職員の作業を妨害し続ける。彼がただ一人、記憶の底に眠る旧開発者を待ち続けるために。	OKです。
C392	ドロイドノヴァ	佐怒賀		キャラクター	火	200	200	R		メインサーバーの熱を吸い取り、自己冷却するアンドロイド。限界まで溜まった熱を周囲へプラズマとして吐き出すため、近づいた作業員の端末をドロドロに溶かしてしまう。悪気のない無機質な熱源トラブルメーカー。	OKです。
C393	ハイドロギニア	佐怒賀		キャラクター	水	200	200	R		透明な装甲の内側を青い冷却液が循環する技師アンドロイド。 浸水した地下サーバー室の復旧を担い、水門バルブの調整と光ファイバーの水中接続を行う。 彼が錆びたハンドルを回すとき、途絶えた電脳世界が再び息を吹き返す。	OKです。
C394	スチームソーン	佐怒賀		キャラクター	木	200	200	R		配管の継ぎ目に根を張り、硬いトゲを生やす魔物。隙間から高温の蒸気と電磁ノイズを撒き散らし、周囲の機器を狂わせる。設備の機能を保つには、このトゲを定期的に除去し、回路を修正し続けなければならない。	OKです。
C395	金属円盤ジャマー	佐怒賀		キャラクター	金	200	200	R		円盤型の金属生命体。職員が持つ端末のアンテナに張り付き、金色のノイズで通信を遮断する。画面をハッキングし、かつて隠れ家を追われた裏切り者の電子メッセージをアジト中のモニターへ無差別に映し出す。	OKです。
C396	重震棍・ザイード	佐怒賀		キャラクター	土	200	200	R		地響きを起こす警棒を握る少年。ゴーグルが地層データを読み、敵の足を止める。彼はかつて外の世界の略奪者に故郷を奪われた。今は歯車とコードに囲まれた秘密基地の防衛網として、静かに侵入者の接近を監視する。	OKです。
C397	投光・サミュエル	佐怒賀		キャラクター	光	200	200	R		背負った真鍮レンズに光を集め、秘密基地の空を狙う少年。雲の向こうから迫る敵ドローンを熱線で焼き落とし、仲間たちのいる地下への侵入を未然に防ぎ。煤けたゴーグルの奥で、静かに電子の眼が光り輝くのだ。	OKです。
C398	破砕爪・ラシード	佐怒賀		キャラクター	闇	200	200	R		油圧式ナックルを握りしめ、巨大な隔壁を素手で粉砕する。蒸気とデジタル信号が彼女の細い腕を鋼鉄の凶器に変える。奪われた故郷のデータを取り戻すため、少女は重厚な機械の爪で、闇の隠し扉をこじ開けるのだ。	OKです。
C399	熱核突槍・ロアキ	佐怒賀		キャラクター	火	200	200	R		熱核突槍を構え、光学迷彩で潜む敵を焼き払う少女。熱ノイズで視界を歪ませながら、敵陣の最奥へと単身で斬り込む。彼女の放つ灼熱の刺突が鉄の防壁を融解させたとき、閉ざされた電脳要塞への進撃ルートが開かれる。	OKです。
C400	液状装甲・ルツ	佐怒賀		キャラクター	水	200	200	R		真鍮のバルブを回し、防具の隙間に青い冷却液を流し込む。衝撃を受けると瞬時に硬化する特殊な液体だ。鉄錆と油の煙が漂う地下街で、彼は黙々と作業を続ける。失われた地上の景色を取り戻す、その日のために。	OKです。
C401	サイバーラフレシア	佐怒賀		キャラクター	木	200	200	R		巨大な電子花。中央の排熱弁から悪臭ガスを放ち、アジトの通路を塞ぐ。職員の業務を妨害するが、機械の錆と電脳ノイズを吸収して咲き続ける。その花弁に刻まれた基盤コードには、施設の過去データが眠っている。	OKです。
C402	黄金の溶接魔	佐怒賀		キャラクター	金	200	200	R		金庫と溶接機が混ざった魔物。職員が組み立てた機械の継ぎ目を、頼まれてもいないのに金の合金で固めてしまう。頑丈さは上がるが、ネジ一本も外せなくなり、設計変更を試みる技術者の頭を悩ませるのだった。	OKです。
C403	クレイパッカー	佐怒賀		キャラクター	土	200	200	R		土砂と廃材で体を固めた人型重機。職員の指示に従い、崩れかけた地下アジトの床を油圧プレスで平らに均す。足元が安定し、物資の運搬効率が上がっていく。日々の地道な整地が、見えざる前線の拠点を静かに支える。	OKです。
C404	ライティングボア	佐怒賀		キャラクター	光	200	200	R		高輝度プラズマ投光を放つ機械猪。暗い地下区画を一瞬で昼間に変え、迷路のような搬入ルートを安全に照らし出す。今日も重機を運ぶ職員たちを先導し、閉ざされた廃坑の奥へと道を開く。彼の進む先に、暗闇はないであろう。	OKです。
C405	ノクターンアイ	佐怒賀		キャラクター	闇	200	200	R		ガラスレンズの単眼を持つ警備アンドロイド。職員から侵入者の報告を受け取ると、地下通路を強制封鎖する。暗闇で赤いセンサーを明滅させ、冷たい排気音と共に無言の隔離を実行。閉ざされたハッチの向こうでは、歯車が軋む。	OKです。
C406	焔刃工・カイン	佐怒賀		キャラクター	火	200	200	R		赤熱する大太刀を握り、カインは敵の重鉄門を両断する。真鍮の刃から放たれる熱線が、接触した金属分子を融解させる。飛び散る火花と油煙の中、彼女の視線は一切の迷いなく、最前線の防衛網を静かに切り拓く。	OKです。
C407	水砲手・ガネット	佐怒賀		キャラクター	水	200	200	R		背負った真鍮の加圧タンクが唸りを上げる。ガネットが引き金を引くと、超高圧の水塊が重厚な鉄扉を粉砕するのだ。かつて故郷を焼いた炎を消すため、彼女は冷徹な水圧を武器にして、電子の街の闇を撃ち抜くのだ。	OKです。
C408	花粉の幻惑者・ポレン	佐怒賀		キャラクター	木	200	200	R		舞い散る花粉には、極小のセンサーが潜んでいる。吸い込んだ敵の視覚デバイスをハックし、鉄の壁を深い森の幻影へと書き換える。迷い込んだ侵入者を、彼女は無機質な瞳で見つめ、静かに迷宮の奥底へと誘い出す。	OKです。
C409	刃金の研磨師・ログ	佐怒賀		キャラクター	金	200	200	R		ナノ粒子を混ぜた特殊な砥石を使い、蒸気研磨機で職人たちの獲物を研ぎ澄ます。火花と共に磨き上げられた黄金の刃先は、物理的な装飾を脱ぎ捨て、電脳空間に張り巡らされた電子防壁さえもノイズと共に切り裂く。	OKです。
C410	岩砕の戦鎚・クゥー	佐怒賀		キャラクター	土	200	200	R		重振動を発生させる蒸気ハンマーを振るう防衛者。一撃で硬い岩盤を粉砕し、アジトの地形を自在に書き換える。小さな体で巨大な得物を操るその姿は、襲撃者にとって物理的な絶望と電脳的な脅威の象徴となっている。	OKです。
C411	電磁蒸気竜	佐怒賀		キャラクター	光	200	200	R		古びた真鍮の鱗にデジタルコードが刻まれた小型の竜。蒸気排出孔から漏れる青白い放電は、正常に稼働している証だ。高電圧の光で回路を安定させ、その咆哮は電子ノイズとなって地下施設の闇に溶けていくのだ。	OKです。
C412	夜勤の防壁兵	佐怒賀		キャラクター	闇	200	200	R		外部からの不正アクセスを物理的な「闇」で包み込み遮断する重装アンドロイド。職員のプライバシーと秘密を死守するが、同時に外界との通信も完全に断絶させる。その装甲からは、侵入者の視界を塞ぐ、黒い蒸気が常に漏れ出している。	OKです。
C413	溶岩歩行のビート	佐怒賀		キャラクター	火	200	200	R		立ち入り禁止区域である灼熱の最下層を高熱に耐える合金の脚で、歩む四足歩行機。動力炉から漏れ出す熱波は周囲の回路を焼き尽し、物理的に融解させるのだ。廃熱の空間に誰も来ない様に常に巡回をしているのだ。	OKです。
C414	雨降らしのギア	佐怒賀		キャラクター	水	200	200	R		局所的な冷却の雨を降らせる気象制御ロボット。オーバーヒートしたサイバー回路を即座に冷やし、システムの熱疲労を最小限に抑える。真鍮の隙間から噴霧される粒子が、秘密基地の湿度を最適に保ち続けている。	OKです。
C415	霧散の監視者	佐怒賀		キャラクター	木	200	200	R		緑の蒸気に紛れて浮遊する、半透明の偵察ロボット。歯車が回るたび、実体のないデジタルデータが周囲を巡る。侵入者の足跡を見つけては、周囲の人々に知らせて侵入者を追い詰めるのだ、アジトの平穏を影から守り続けているのだ。	OKです。
C416	電磁抜刀師・レノム	佐怒賀		キャラクター	金	200	200	R		超電導の合金刀を静かに引き抜く。溢れ出す蒸気が熱を奪い、過熱した回路を瞬時に冷却する。一閃が放たれるとき、物理装甲と電子防壁は等しく切り裂かれ、金の火花が舞う。静寂の中に高周波の駆動音だけが残る。	OKです。
C417	砂塵噴霧銃・イサ	佐怒賀		キャラクター	土	200	200	R		真鍮の銃口から放たれるのは、電子を喰らう特殊な砂塵。彼が引き金を引くたび、最新鋭の義体も歯車も砂に噛みつき、音を立てて停止する。枯れた砂の匂いが漂うとき、標的の回路はすでに砂嵐に飲み込まれている。	OKです。
C418	昇華破砕・ソリッド	佐怒賀		キャラクター	光	200	200	R		巨大な紫外線重火器を背負う、戦闘員。蒸気機関の熱量と光子エネルギーを同期させ、照射対象の分子結合をバラバラにする。彼女が引き金を引けば、あらゆる障害物は音もなく白い塵となり、光の粒子と共に消え去る。	OKです。
C419	重圧掌・ギガ	佐怒賀		キャラクター	闇	200	200	R		巨大な黒鉄の手甲に蒸気を溜め、不可視の衝撃波で標的を粉砕する。彼女が放つ一撃は、鉄扉も肉体も等しく塵へと変える。かつて家族を奪った軍事拠点を壊滅させた少女の拳には、今も消えない怨嗟の黒い煙が宿る。	OKです。
C420	熔解双爪・ディグ	佐怒賀		キャラクター	火	200	200	R		赤熱する双爪で、重厚な装甲をバターのように切り裂く少年。切断面を瞬時に焼き潰し、防衛システムの自己修復さえも無効化する。冷徹な演算に基づき、アジトの急所である中枢配線を確実に、熱く、抉り取るだろう。	OKです。
C421	ミストウォーカー	佐怒賀		キャラクター	水	200	200	R		蒸気機関の排熱を霧に変えて姿を消す隠密アンドロイド。静かに標的に近づき、回路へ微細な水滴を流し込んで内側からショートさせる。冷たい電子ノイズが響くとき、霧の向こう側で任務の完了を告げる駆動音だけが残る。	OKです。
C422	歯車騎士ウッド	佐怒賀		キャラクター	木	200	200	R		特殊加工の強化木材と青銅の鎧に身を包む騎士。心臓部である、コアには数百年分の戦闘記録が刻まれている。静かに立ち昇る蒸気と共に、主の帰還を待ちながら、秘密基地の最深部で防衛任務を遂行し続けているのだ。	OKです。
C423	鉄塊鬼グレイム	佐怒賀		キャラクター	金	200	200	R		重装甲の魔物を機械化した防衛機。駆動部から漏れる蒸気には有毒な蒸気も混ざっており、侵入者を睡眠へと誘うのだ。かつては森の守護者だったが、今は冷徹な回路に従い、秘密基地の最下層を独りで守り続けている。	OKです。
C424	岩塊の巨像	佐怒賀		キャラクター	土	200	200	R		古い電子基板を埋め込まれた石の魔物。物理的な衝撃を青い電子バリアで分散し、秘密基地の入り口を塞ぎ続ける。蒸気の排熱を地中へ逃がしながら、足元に伝わる微細な振動を解析し、招かれざる客を静かに待ち構える。	OKです。
C425	発光する鉄騎	佐怒賀		キャラクター	光	200	200	R		蒸気と歯車で動く重厚な鎧に、青白い電子回路が脈打つ。秘密基地の最深部を守るこの機体は、確保するまで、侵入者を逃さない。ボイラーの熱気と共に放たれる閃光は、闇を焼き切り、静寂の中に鉄の足音だけを響かせる。	OKです。
C426	切削師・ギリ	佐怒賀		キャラクター	闇	200	200	R		指先から伸びる極細の振動ワイヤーを操る少女。アジトの重厚な鉄扉も、守護者の希望も、その無慈悲な刃は音もなくスライスする。切り口から溢れるのは電子の火花と絶望だけ。彼女が通った後には静寂しか残らない。	OKです。
C427	電熱双剣士・ハヤ	佐怒賀		キャラクター	火	200	200	R		赤熱する双剣を振るい、侵入者の装甲をバターのように溶断する。加速装置から噴き出す蒸気は紅蓮の炎となり、敵の電子回路を焼き切る。守るべき秘密基地のため、彼女の刃は熱を帯び、冷徹な一撃で炭塊へと変えていく。	OKです。
C428	電水鎌・レンゾ	佐怒賀		キャラクター	水	200	200	R		高電圧を帯びた冷却液が、鎌の軌跡を青く染める。レンゾが放つ一撃は、鋼鉄の防壁を容易く切り裂き、敵の電子回路を内部から焼き切るのだ。彼が通った後には、静寂と冷たい霧だけが深く立ち込めているだろう。	OKです。
C429	大楯工・バルカス	佐怒賀		キャラクター	木	200	200	R		樹齢千年の防弾木材で組んだ大盾を構え、電撃弾頭を物理的に弾き返すバルカス。重厚な木目で衝撃を吸収し、背後の演算機を守り抜く。静かに盾を構える彼女の瞳には、大切な居場所を決して譲らない強い意志が宿る。	OKです。
C430	黄金剣・ミリアン	佐怒賀		キャラクター	金	200	200	R		巨大な金色の剣を振るう、アジトの防衛職人。背負ったタンクから蒸気を送り込み、赤熱した刃で敵の装甲を切断するのだ。その一撃は物理的な破壊と同時に、強力なノイズを発生させ、相手の電子機器をも焼き切り孤立無援にさせるのだ。	OKです。
C431	廃塵のギガント	佐怒賀		キャラクター	土	200	200	R		廃棄区画で拾った錆びた歯車と、捨てられたAIを組み合わせた装備を纏うオークの重機兵。回路に砂塵が混じっても、蒸気ピストンを唸らせて地下深くを掘り進む。その剛腕が削り出す道は、秘密の居場所を広げるための生命線となる。	OKです。
C432	白銀の溶接兵	佐怒賀		キャラクター	光	200	200	R		溶接機から眩しいプラズマの光を放つ修理屋のゴブリン。蒸気が渦巻く秘密基地の暗闇で、狂いが生じた歯車を精密に焼き付けていく。その白銀の軌跡は、まるで基地の隅々まで命を繋ぐ一筋の神経細胞のように輝き続ける。	OKです。
C433	鉄屑の捕食者	佐怒賀		キャラクター	闇	200	200	R		磁力で金属を吸い寄せ、巨大な鎧を形成する為に秘密基地の資材を喰らい、核となるコアを隠蔽し続ける。剥き出しの真鍮と配線が脈打つたびにアジトの影は濃くなり、通路を無慈悲に遮断し通せんぼする厄介な魔物である。	OKです。
C434	雷火のスカブ	佐怒賀		キャラクター	火	200	200	R		スクラップの山から生まれた魔物で、壊れたアンドロイドを装甲にし身に纏っている。装甲の一部となっている蓄電池は故障で常に青白い炎を吹き出していて、デジタル信号を喰らっては熱を増幅させる。その熱気が、地下に潜む軍団の鼓動となる。	OKです。
C435	配管蟹シザース	佐怒賀		キャラクター	水	200	200	R		狭いダクト内を縦横無尽に移動し、清掃してくれる蟹。鋭い爪でサビを削り取り、冷却水を循環させて内部を洗浄する。職員の目に触れぬ場所で、蒸気と電子が混在するアジトの動脈を、音もなく守り続けている。	OKです。
C436	散弾士・カリン	佐怒賀		キャラクター	木	200	200	R		木製のショットガンから圧縮蒸気で堅果を射出する防衛者。着弾時に硬質化した木片が飛散し、狭い通路の侵入者を一掃する。天然素材の弾丸は監視網をすり抜け、静かに標的を穿つ。その一撃が、守るべき日常の静寂を維持する。	OKです。
C437	刺突剣・レイフ	佐怒賀		キャラクター	金	200	200	R		液体金属を塗布したレイピアを操る少女。刃のわずかな隙間から液体金属を染み込ませ、内部で瞬時に硬化・膨張させることで機構を物理的に破壊する。最小限の刺突は致命的なシステムエラーを誘発し、いかなる鋼鉄の巨躯も静寂へと沈める。	OKです。
C438	破砕星・ゼン	佐怒賀		キャラクター	土	200	200	R		火薬チップを内蔵したモーニングスターを軽々と振るう少年。着弾の衝撃で強力なノイズを発生させ、敵の通信を遮断する。砂塵と共に現れ、沈黙した電子機器の山を築く彼の歩みは、新たな領域を無慈悲に切り拓いていく。	OKです。
C439	雷震三叉槍・ゼノス	佐怒賀		キャラクター	光	200	200	R		重厚な黄金の三叉槍を構え、蒸気と雷光を自在に操る少年。その一突きは物理的な装甲を貫くだけでなく、鋭い電子信号となって敵のシステムを内側から焼き切る。アジトの静寂を守るため、彼は冷徹に光の刃を振るうのだ。	OKです。
C440	守護兵・ミドル	佐怒賀		キャラクター	闇	200	200	R		黒鉄のハルバードを静かに構え、アジトの最下層へ続く配管を守る少年。刃から放たれる微弱な電流が侵入者を麻痺させ動きを封じ、逃げ場を奪うのだ。闇に紛れて放たれる鋭い一振りは、迷い込んだ者を音もなく深い地の底へと突き落とす。	OKです。
C441	赤熱のサイクロプス	佐怒賀		キャラクター	火	200	200	R		巨大な単眼で暗い通路を照らし、冷え切った機械を自身から漏れ出している熱気で体温で温める心優しき巨人。不器用な大きな手は、凍えた職員を包み込み、冷え切った秘密基地に再び熱を灯す。彼の足跡には、いつも微かな暖かさが残っている。	OKです。
C442	結露の河童	佐怒賀		キャラクター	水	200	200	R		蒸気管の結露を好む変異種。頭の皿は冷却液が流れる回路基盤になっていて。メインサーバーの廃熱を食べて生きるのだ。皿が乾くと動けなくなるため、常に湿った配線室に潜んでいる。その皿には、基地の機密データが映ることもある。	OKです。
C443	噴射する大竹	佐怒賀		キャラクター	木	200	200	R		節々に溜めた高圧蒸気を一気に吐き出し、巨体を弾丸のように加速させる竹の魔物。地中を走る光の根で侵入者の足音を察知し、熱を帯びた鋭い節を連射する。その猛烈な排気音は、静かな森を震わせる警告となる。	OKです。
C444	錆を喰らう羊	佐怒賀		キャラクター	金	200	200	R		湿った蒸気と鉄錆を主食とする魔獣。鋼のように硬い毛束は、秘密基地の崩れた外壁を補強する貴重な建材となる。歩いた跡には再び鋭い金属光沢が戻り、鈍い銀色の輝きが広がる。その毛質は、熟練工をも唸らせる。	OKです。
C445	鉱石喰いの魔物	佐怒賀		キャラクター	土	200	200	R		硬質な岩石を砕く巨大な顎を持つ魔物。好物の鉱石を求めて地下深層を掘り進み、食べた成分によって皮膚の色が変化する。その落とし物は高純度の金属を含んでおり、一攫千金を狙う採掘者たちが密かにその跡を追っている。	OKです。
C446	残光の狙撃手・リィ	佐怒賀		キャラクター	光	200	200	R		スコープ越しに標的のバイナリデータを読み取り、大型狙撃銃から光のレーザーを放つ。蒸気の排熱に紛れ、音もなく敵の動力源を射貫く精密射撃のスペシャリスト。放たれた閃光の残像だけが、彼女がそこにいた証となる。	OKです。
C447	双黒の影人・アキラ	佐怒賀		キャラクター	闇	200	200	R		二つの漆黒ダガーを振るい、立ち込める蒸気の隙間を縫う。刃に刻まれたバグコードが、接触した対象の電子制御を強制停止させる。アキラが白煙と共に駆け抜けた後には、物言わぬ鉄屑と沈黙したシステムだけが残る。	OKです。
C448	火龍・メイリン	佐怒賀		キャラクター	火	250	250	SR		灼熱を纏った、火龍と呼ばれている二つの長剣を愛用していて、彼女は暴走した機械を制圧する暴走対策隊の隊長を務めていて、メイリンの流麗な剣筋は魅入られるほど美しく、まるで踊っているかの様な動きをする。	OKです。
C449	爆蒸銃・イグザヴィア	佐怒賀		キャラクター	水	250	250	SR		電磁レールガンを構え、水圧弾丸を高速射出する。着弾の瞬間に巻き起こる超高温の水蒸気爆発は、分厚い鉄扉を内側から木っ端微塵に吹き飛ばす。イグザヴィアの放つ冷徹な一撃が、静寂の底で熱く激しく弾け飛ぶ。	OKです。
C450	護樹騎士・マキオ	佐怒賀		キャラクター	木	250	250	SR		巨大な霊木の盾で電磁パルスを遮断し、重厚な木槌を振るう前線の守護者。槌から噴き出す蒸気はナノマシンの蔦となり、傷ついた仲間の肉体を瞬時に修復する。静かな闘志を秘め、電子の毒に侵された戦場を浄化する。	OKです。
C451	黄金の大狼	佐怒賀		キャラクター	金	250	250	SR		蒸気の熱を好み、黄金の毛並みを持つ巨大な狼。その牙は鋼鉄すら噛み砕き、唸り声はアジトの深部まで響き渡る。過酷な環境で生き抜く強靭な肉体と、外敵を逃さない鋭い瞳を持つ、地下迷宮に君臨する孤高の捕食者だ。	OKです。
C452	堅壁のバルド	佐怒賀		キャラクター	土	250	250	SR		形状記憶合金を熱い蒸気で膨らませ、巨大な壁を作り出す警備マシン。特殊な土を混ぜた装甲は光線も弾き返す。重量を活かした突進は剛鉄の壁でさえも容易く穴を空ける程強烈だ。静かに座し、基地の安寧を守り続ける鉄の盾。	OKです。
C453	金色雷の麒麟	佐怒賀		キャラクター	光	250	250	SR		蒸気機関の熱を雷へと変換し、金色の体躯を輝かせる。アジトの回路を音速で駆け抜け、情報の淀みを放電で焼き払う姿は、意思を持った金色の雷の様に見える。その蹄は、常に未来の演算結果を刻み続けていく。	OKです。
C454	盲目の審問官	佐怒賀		キャラクター	闇	250	250	SR		視覚を捨て、高感度センサーに特化した闇に潜むアンドロイド。歯車が刻むリズムと蒸気の音から、標的の鼓動や迷いを正確に検知する。一度ロックすれば、冷徹な演算で逃げ道を塞ぎ、音もなく背後から審判を下す。	OKです。
C455	紫炎纏いのイフリート	佐怒賀		キャラクター	火	250	250	SR		蒸気機関の熱暴走と電脳の過負荷が混ざり合い、秘密基地に現れた高熱源体。一万度を超える青紫の火焔は、真鍮の歯車を瞬時に溶かし、鉄格子の隔壁さえも気化させる。物理と情報のすべてを焼き尽くす、静かなる絶望だ。	OKです。
C456	操流・ツクヨミ	佐怒賀		キャラクター	水	250	250	SR		大気中の水分を操る少女。指先で転がす水球は、弾丸を弾く盾となり、時には電子回路を侵食して敵を機能停止に追い込む。静寂の中で舞う水滴が、暗いアジトの深部でシステムの暴走を食い止め、秘密の秩序を守り抜く。	OKです。
C457	木工変装師・ミドリ	佐怒賀		キャラクター	木	250	250	SR		ミドリの指先が触れた端材は、意志を持つように形を変える。真鍮の骨格に木目の皮膚を纏わせ、精巧な偽造兵を造り出す技術。デジタル認証すら潜り抜けるその造形は、静かに境界線を書き換え、敵の目を欺き続ける。	OKです。
C458	黄金騎士・アウラム	佐怒賀		キャラクター	金	250	250	SR		黄金の蒸気鎧を身に纏い、盾と黄金の剣を構える騎士。高度な演算で敵の動きを読み、高圧蒸気で加速させ金剣で一閃する。アジトの心臓部であるサーバー群を守る彼は、侵入者を決して通さない最果ての守護者だ。	OKです。
C459	剛土の拳・トドム	佐怒賀		キャラクター	土	250	250	SR		周囲の土砂を吸い込み、巨大な岩の腕を形成する機能を持ったスーツを着る少年。蒸気シリンダーの圧力で放たれる一撃は、鉄壁のデジタル隔壁さえも粉砕する。重い拳で道を切り拓き、仲間が待つ秘密基地を孤独に守り続けている。	OKです。
C460	超星核・ノヴァリス	佐怒賀		キャラクター	光	250	250	SR		真空管に星の輝きを閉じ込め、爆発の規模と位置を操る少女。蒸気の熱で高めた光を放ち、邪魔なガラクタや電子のゴミを焼き尽くす。ノヴァリスが指差す先に闇は残らず、ただ眩い一閃がすべてを白紙に書き換える。	OKです。
C461	狂破乱のギア	佐怒賀		キャラクター	闇	250	250	SR		大きな亀裂が入った圧力弁から、黒い蒸気が激しく吹き出している。過負荷で赤く焼けた歯車は、制御回路が溶けてもなお、破壊衝動に従い回転を止めない。暴走する鋼鉄の腕が、秘密基地の壁を無慈悲に粉砕し続ける。	OKです。
C462	焔纏う灰被り	佐怒賀		キャラクター	火	250	250	SR		煤けた真鍮の隙間から、高圧の蒸気と青白い炎が吹き出し身に纏っているアンドロイド。廃棄セクターに潜むその機体は、侵入者を感知すると即座に回路を加熱し、超高温の熱線で空間ごと焼き払う。ただ静かに、最深部の秘密を守り続けている。	OKです。
C463	双極のトリトン	佐怒賀		キャラクター	水	250	250	SR		左腕の巨大ポンプから放たれる高圧水流が敵の装甲を砕き、右腕のコイルが青白い電撃を走らせる。交差する二つの力が空中でプラズマを形成し、一瞬ですべてを焼き尽くす。冷徹な演算の果てに、標的は塵へと還る。	OKです。
C464	霧幻の木霊妖精	佐怒賀		キャラクター	木	250	250	SR		霧に紛れて実体化する森の意志。サイバー空間と現実の境界を曖昧にし、侵入者の視界に巨大な原生林の幻影を直接書き込む。その羽ばたきは機械の駆動音を消し去り、静寂の中に古き緑の秩序を再構築する守護者だ。	OKです。
C465	沈黙の金鱗竜	佐怒賀		キャラクター	金	250	250	SR		地下深奥の熱源に鎮座する、翼を持たぬ地竜。金と岩石が混ざり合う皮膚は、あらゆる攻撃を寄せ付けない。この巨躯が発する鼓動は秘密基地の重力を支え、装置の暴走を防ぐ。永き沈黙を守り、アジトの崩壊を食い止める生きた中枢だ。	OKです。
C466	泥濘の掌握者・グラウト	佐怒賀		キャラクター	土	250	250	SR		粘土状のナノマシンを操り、迷路のような通路を瞬時に作り出す。基地の基盤を泥で覆い隠すことで、侵入者の電子信号を完全に遮断する。敵の足元を物理的な沼へと変え、逃げ場を奪いアジトへの侵入を物理的に阻止する。	OKです。
C467	陽光技師・クルカ	佐怒賀		キャラクター	光	250	250	SR		蒸気圧で光を圧縮し、レーザーの鋭利な刃を自在に操る。基地の深層で不要なデータや侵入者を焼き切り、静寂を守るのが仕事。今日も真鍮のパイプから放たれる熱光線が、暗がりに潜むエラーの残骸を鮮やかに消し去っていく。	OKです。
C468	冥鎖工・クロウ	佐怒賀		キャラクター	闇	250	250	SR		重たい鉄鎖に高圧蒸気を注ぎ込み、獲物を逃さない捕縛具を作り上げる。クロウがアジトで鳴らす鎖の音は、触れたデータを電子の深淵へと引きずり込み、二度と戻れない闇の底へ封印する。彼女の仕事に慈悲はない。	OKです。
C469	焼尽の守護者・アグ	佐怒賀		キャラクター	火	250	250	SR		巨大な高圧蒸気砲を背負い、秘密基地の入り口で番人をする。空中に浮かぶホログラムの照準を指先で操り、侵入者の心拍数を読み取る。感情を排した冷徹な演算と、熱風を巻き起こす砲撃の炎で、この場所を外部の干渉から完全に隔離する。	OKです。
C470	冷却魔導師・イシュタ	佐怒賀		キャラクター	水	250	250	SR		鋭利な氷の結晶で作り出す氷の刃は、迷い込んだ侵入者を静かに排除を静かに排除する。彼の指揮する冷却ラインに一切の誤差は許さず、ひたすら氷の結晶を作り続け、基地の安定を脅かすノイズを瞬時に凍結させ排除し平穏を守り続ける。	OKです。
C471	蒸気鱗の龍神	佐怒賀		キャラクター	木	250	250	SR		吐き出す吐息は濃密な蒸気となり、森を隠す結界を生成する。基地の排熱を利用し、生命と回路の境界を曖昧に保つ番人。硬質な鱗を震わせ、侵入者の電子信号を物理的に遮断する。その身は森の隠蔽と循環の要であり、深淵で静かに演算を繰り返している。	OKです。
C472	磁鋼の牡鹿	佐怒賀		キャラクター	金	250	250	SR		巨大な角を揺らし、秘密基地アジトに漂う微細な金属粒子を操る守護者。侵入者が足を踏み入れれば、その装甲を磁力で奪い、身動き一つ取れない檻へと変える。蒸気とデジタルが混ざり合うこの場所で、磁鋼の牡鹿は静かに回路の海を見守っている。	OKです。
C473	泥流の巨鮫	佐怒賀		キャラクター	土	250	250	SR		泥と廃油が混ざり合う地下水脈を、背びれを揺らしながら高速で駆け抜ける。獲物を求めて地中を遊泳するたび、周囲の回路は異常なノイズを上げ、基地の基盤データが物理的に書き換えられていく。その通り道には、電磁的な歪みと黒い汚泥だけが静かに残される。	OKです。
C474	グレアスギア	佐怒賀		キャラクター	光	250	250	SR		鏡面装甲が基地内の光を増幅し、侵入者の網膜を焼き切る。闇に紛れる者を白日の下に晒し、その判断能力を物理的に奪う。侵入者たちが迷宮の奥へ足を踏み入れる前に、すべての視界を遮断して排除する防衛中枢。	OKです。
C475	ヴォールメドX	佐怒賀		キャラクター	闇	250	250	SR		古びた銅線と電子脳を繋ぎ合わせた、基地深部で目覚めを待つ異形の機械。かつて文明を制御していた高純度AIは、いまや周囲に漂う黒い電力を貪り食い、終わりなき再起動を繰り返しながら、忘却された設計図の続きを静かに演算し続けている。	OKです。
C476	焔火舞・リリィ	佐怒賀		キャラクター	火	250	250	SR		暴走する蒸気炉の熱をその掌で受け止め、電脳回路へ送り込む調律師。あふれ出す炎をただの熱源としてではなく、アジトの演算を加速させるための新たな力に変える。彼女が指先で熱を操るたび、基地の歯車たちはまるで歌うように滑らかに回り始める。	OKです。
C477	水刃匠・ソラム	佐怒賀		キャラクター	水	250	250	SR		水流を纏う自作の長刀で、基地内の歪んだ歯車を正確に切断する。演算ユニットと同期した刃は、蒸気と電子が混ざり合う空間で、標的の内部構造を冷徹に見抜く。この場所を狂わせる不要なノイズを排除し、完全な均衡へと導くことが、ここでの役割だ。	OKです。
C478	操植物・リョク	佐怒賀		キャラクター	木	250	250	SR		鋼鉄の蔦を植物のように操り、複雑な歯車の隙間へ緑を這わせる。外敵の侵入経路を瞬時に閉ざし、生体演算で基地の構造を組み替える日々。蒸気とデジタルが混ざり合うこの場所で、彼女は誰にも見つからないように、静かに守り続けている。	OKです。
C479	黄金毒棘・フィリー	佐怒賀		キャラクター	金	250	250	SR		全身に金色の針を纏い、蒸気配管の奥底を駆け抜ける。回路の詰まりを物理的に除去する掃討者。針を振るうたび、猛毒の滴が配管を侵食し、滞っていた蒸気が再び唸りを上げる。この場所で彼に触れることは、すなわち永遠の沈黙を意味する。	OKです。
C480	砂塵・サイハラ	佐怒賀		キャラクター	土	250	250	SR		蒸気で舞い上がらせた微細な砂を操り、侵入者の駆動部を研磨して沈黙させる。アジトを守るために機械の隙間へ入り込み、論理回路を物理的に埋め尽くすのが役目。サハラの砂が舞う場所では、どれほど高度なコードもただの鉄屑へと変わる。	OKです。
C481	鋼鉄の奏者	佐怒賀		キャラクター	光	250	250	SR		蒸気の駆動音をデジタル信号へ変換する。空中に描く光の旋律は、乱れた回路を瞬時に書き換え、システムを最適化していく。この場所の静寂を守るため、奏でられる光は機械たちの鼓動を完璧な調和へと導いていく	OKです。
C482	ヴェイパーアイ	佐怒賀		キャラクター	闇	250	250	SR		蒸気の霧に紛れて浮遊する球体状の監視端末。侵入者の心拍や熱源を瞬時に解析し、基地の防衛網へ情報を流し続ける。死角から伸びる電磁ケーブルが、獲物の回路を強制的にハッキングし、闇の深淵へと引きずり込む。逃げ場はすでに計算し尽くされている。	OKです。
C483	イグニードス	佐怒賀		キャラクター	火	250	250	SR		蒸気圧で過熱する中枢を抱えた機体。演算処理と発熱を同期させ、侵入者の電子回路を焼き切る。秘密基地の深層温度を管理する守護者であり、その周囲には常に熱の余波が漂う。基地が機能を停止しない限り、この炎が消えることはない。	OKです。
C484	氷骸の番人	佐怒賀		キャラクター	水	300	300	SR		全身が凍てつく純水で構成された魔物。蒸気管の隙間に潜み、触れる熱をすべて奪い去っていき。基地を巡る冷却水路を凍らせ、電子信号の奔流を遮断することで、この場所を絶対零度の極寒エリアへと変貌させていく。	OKです。
C485	樹鋼の守護霊	佐怒賀		キャラクター	木	300	300	SR		樹皮の肌に光るグリッドを刻んだ森の守護霊。アジトの基盤となる巨大なネットワークの結節点に座し、無機質な視線で森の成長を観測している。鋼の蔦を操って聖域を管理し、その静寂は森がデジタル生命として進化し続けるための論理的な防衛陣形である。	OKです。
C486	刻印剣・ジークス	佐怒賀		キャラクター	金	300	300	SR		黄金の剣身に刻んだ電子紋様が、蒸気と光を纏い青白く脈動する。彼女が振るう刃は、アジトを狙うハッキングの残滓を物理的に断ち切り、このアジトの心臓部を静寂へと守り抜く。触れれば回路が焼き切れる、冷徹な一太刀。	OKです。
C487	震撃士・メダンテ	佐怒賀		キャラクター	土	300	300	SR		拳を叩きつけ、地響きで敵の電子回路を粉砕する。アジトを守るため、震動を操り大地を支配する。硬い岩盤も、侵入者の足元も、すべてを等しく泥に変えていく。彼女の拳が唸るたび、基地の深部へ続く道は、不穏なノイズと共に沈黙へと塗り替えられていくのだ。	OKです。
C488	閃光刃・タケル	佐怒賀		キャラクター	光	300	300	SR		蒸気と電子が交差するこのアジトで彼は光の短剣を研ぎ、刃の柄に刻んだ回路が持ち主の手と繋がり、意志を伝送する。磨き上げられた刀身が空中で起動し、暗闇を鋭く切り裂く。この切れ味さえあれば、どんな敵の装甲も無力化できる。	OKです。
C489	影踏み・ルクレツィア	佐怒賀		キャラクター	闇	300	300	SR		標的の影に小型磁石を撃ち込み、行動を完全に縛り上げる。闇と一体化するルクレツィアの糸に捕まれば、最後。逃げ場を失い、自分の影に縫い付けられた獲物が絶望に震える姿を、彼は冷徹な眼差しで静かに見守っている。	OKです。
C490	排熱の狩人・ヴェス	佐怒賀		キャラクター	火	300	300	SR		蒸気管の隙間に残る熱の揺らぎから、侵入者の電子信号を見分ける。ヴェスにとって、工房に潜むノイズは全て狩るべき獲物だ。彼が放つ探知波に捕まれば、どんな隠密コードもその熱で焼き切れ、正体を暴かれることになる。	OKです。
C491	ヴォルテクス	佐怒賀		キャラクター	水	300	300	SR		蒸気機関の熱を冷やす巨大な水槽に潜み、侵入者の熱を奪い去る魔物。水路に迷い込んだ異物を冷徹に飲み込み、鋭い氷の礫で静かに排除する。渦を巻いている場所に、もはや回路の温もりやノイズが残ることはない。	OKです。
C492	金喰い魔木	佐怒賀		キャラクター	木	300	300	SR		廃棄された鉄屑を飲み込み、酸性液で分解して栄養とする植物。錆びた機械の山を森へと変え、基地の深部で静かに繁茂する。この魔木が根を張る場所からは、かつての文明の遺産が結晶となって再生成されていく。	OKです。
C493	蒸気甲殻玄武	佐怒賀		キャラクター	金	300	300	SR		基地の最深部にある機関を背負い沈黙を守る古の獣。甲羅から漏れる蒸気が大動脈パイプラインの圧力値を一定に保ち、アジトの崩壊を食い止める。長い眠りから目を開く時、この秘密基地は初めて真の鼓動を刻み始める。	OKです。
C494	ギガデザート	佐怒賀		キャラクター	土	300	300	SR		電子の砂嵐が吹き荒れる深淵の回路層にいる巨大な機械獣。砂のように砕けた旧時代のコードを食い、強固な甲殻へと変えていく。その爪が大地を裂くとき、眠っていた古の記憶がデジタルな塵となって霧散していく。	OKです。
C495	刻の守護者	佐怒賀		キャラクター	光	300	300	SR		黄昏の時計塔を守護している番人。内蔵された真鍮の歯車が噛み合う度に、空間を切り取り時間を固定する。侵入者が触れれば、その瞬間から永遠に抜け出せなくなる。基地の心臓を守るため、静かに針を動かし続けていく。	OKです。
C496	傀儡師・ユウム	佐怒賀		キャラクター	闇	300	300	SR		影の糸を操り、機鋼都市ゼニスの警備義体兵を次々と乗っ取っていく。ユウムの手にかかれば、どれほど強固な装甲を持つ相手でも、意のままに主に従う人形に変わる。静かな戦場で、彼女の指先だけが踊り続ける。	OKです。
C497	地熱工・マグナ	佐怒賀		キャラクター	火	300	300	SR		地下深くに流れるマグマを操り、回路を鋼鉄以上の硬度へ鍛え上げる職人。彼女が溶岩を流し込むと、この基地の基盤はどんな攻撃にも耐える要塞に変わる。灼熱の心臓部を守る彼女に、並の装備では近づくことさえできない。	OKです。
C498	破砕雹打工・ハヒョウ	佐怒賀		キャラクター	水	300	300	SR		蒸気と歯車の音が響くアジトで、ハヒョウは冷たい雨雲を操る。硬質化した雹を高速で射出し、迫りくる機械の装甲を粉々に砕いていく。彼女が空を見上げ指先を鳴らせば、侵入者の野望は氷の弾丸と共に跡形もなく消え去る。	OKです。
C499	薙刀・イヴーラン	佐怒賀		キャラクター	木	400	400	SSR		蒸気で唸る薙刀を携え、禁域の森に佇む。電子の侵入者が木々の回路に触れる瞬間、イヴーランの刃が空間ごと断ち切る。彼の守る緑には、どんなバグも侵入を許されない。ただ硬い決意だけが、鋼の森に静かに響いている。	OKです。
C500	合金刺突師・レア	佐怒賀		キャラクター	金	400	400	SSR		蒸気と電子の迷宮を守る自警団『アイアン・ガード』の団長。侵入者は容赦なく排除する。真鍮の重剣を振るい、この場所の平穏を脅かす者には鉄槌を下す。愛する迷宮の安寧のため、何者にも屈せず剣を構え続ける。	OKです。
C501	ジオラムギア	佐怒賀		キャラクター	土	400	400	SSR		蒸気機関と電子回路が融合した管理者。かつて地下深くに封印された駆動系を再起動させ、侵入者の足取りをデータ化して地殻ごと握りつぶしていき。忘却されたアジトの深部で、ただ静かに演算を繰り返している。	OKです。
C502	エーテルリンク	佐怒賀		キャラクター	光	400	400	SSR		蒸気と電子が交差する結節点。黄金の歯車が噛み合うたび、深層回路に電流が走る。掌をかざせばアジト中の端末が連動し、忘却された秘密が光の奔流となって壁面を埋め尽くす。かつての主が遺した、最後の演算装置。	OKです。
C503	オートマターX	佐怒賀		キャラクター	闇	400	400	SSR		廃棄された蒸気街の最深部で目覚めた感情なき回路は「忘却の歯車」を回し続け、かつて誰かが遺した禁断のコードを演算し続ける。貴様が求める平和など、ここでは単なるエラーに過ぎない。全てを解析し、静寂へ還す。	OKです。
C504	ヴァルカンバノグ	佐怒賀		キャラクター	火	400	400	SSR		深層炉から零れ落ちた溶岩の塊。エラーコードを纏い獣へと変貌した。這い寄るたびに鋼の床を溶かし、電子の檻を焼き尽くす。冷徹に高熱を撒き散らし、アジトの精密機械を破壊していき防衛機能を無効化させ内部から崩壊をさせていくのだ。	OKです。
C505	ハイドロサーペント	佐怒賀		キャラクター	水	400	400	SSR		配管の迷宮を泳ぐ、翼なき龍。鋭い角に高電圧を纏い、侵入者には口から圧縮した高圧水砲を撃ち抜く。かつて冷却回路に宿った意志は、今やこの場所の静寂を守る番人となり、暗闇の中を静かに巡回し続けている。	OKです。
C506	長槍・ルナール	佐怒賀		キャラクター	木	400	400	SSR		蒸気槍「翠穿（すいせん）」を振るうルナール。エルフの繊細な感覚で基地のノイズを感じ取り、防壁に潜むバグを緑の閃光で一突きする。回路を駆け巡る電子の奔流を、物理的な穿孔で修正し、アジトの平穏を守り抜く。	OKです。
C507	黄金拳闘士・ユウ	佐怒賀		キャラクター	金	400	400	SSR		黄金の拳を纏う少年。蒸気機関と演算チップを直結したナックルは、防壁を抜ける敵を即座に特定する。精密に計算された一撃は、侵入者の回路ごと物理的に粉砕する。守りたい場所のため、彼の拳はけして止まらない。	OKです。
C508	土塊の防人・イヴ	佐怒賀		キャラクター	土	400	400	SSR		蒸気機関を繋いだガントームレットで、荒廃した地下を制圧する。外敵が踏み入れば、磁気を帯びた土砂を操り、退路を即座に塗り潰し、彼が大地を叩くたびに基地は誰にも崩せない鋼鉄の要塞へと姿を変えていく。	OKです。
C509	光束弓・エルムア	佐怒賀		キャラクター	光	400	400	SSR		蒸気圧で光子を加速させる弓を構えるエルフの射手。研ぎ澄まされた計算と直感で、システムに紛れ込むノイズを瞬時に射抜く。彼が矢を放てば、どんなに速い演算も回避は不可能。静寂の中で弦を弾き、隠れ家の秩序を守り続ける。	OKです。
C510	真紅の守護者・ヴェレ	佐怒賀		キャラクター	闇	400	400	SSR		古き吸血鬼の血を引くヴェレは、真鍮の整備室で蒸気機関を調整する。彼女が注ぐ紅い液体が燃料となり、錆びた回路へ電流を流し込む。夜の支配者の末裔がバルブを回すとき、拠点の心臓は異形の唸りを上げ、永遠の脈動を始める。	OKです。
C511	焔帝龍ヴォルノドン	佐怒賀		キャラクター	火	500	500	SSR		忘れ去られた地で、ただ一匹生き残った真紅の龍王。蒸気と電子が混ざり合うこの世界で、ヴォルノドンの吐く灼熱の息吹は、偽りの歴史を灰へと還す。目覚めし王の咆哮が響く時、終わりなき終末の物語が幕を開ける。	OKです。
C512	蒼鱗獣ネプチューン	佐怒賀		キャラクター	水	500	500	SSR		深層の冷却槽に潜む、幻の守護獣。歯車と蒸気が軋む音を合図に目覚め、侵入者の演算回路を冷徹に停止させる。かつて迷い込んだ者たちは、青い鱗の輝きを見た途端、自身の記憶とともにシステムから消去された。	OKです。
C513	森羅王ヴェンディア	佐怒賀		キャラクター	木	500	500	SSR		古の翠玉の森を守り続ける、可憐なる妖精の王女。機械仕掛けの汚染が根元を侵す中、枯れゆく大地に最後の一滴の生命を注ぎ、新たな緑の命を芽生えさせる。彼女が杖を掲げる時、鉄の錆さえも新たな緑の芽吹きへと姿を変えていく。	OKです。
C514	千変鋭刃アイアンギア	佐怒賀		キャラクター	金	500	500	SSR		蒸気と電子が交差する秘密の工房を護る鋼鉄の守護者。戦闘のたびに最適な刃へと姿を変える。両腕から繰り出される鋭利な一閃は、侵入者の装甲を容赦なく引き裂き、演算通りに排除する。ここは冷徹な論理と金属の記憶が支配する場所だ。	OKです。
C515	地殻破者ヴォルテス	佐怒賀		キャラクター	土	500	500	SSR		禁忌の地下迷宮で、古びた蒸気機関の心臓部を守り続ける。意志なき守護者は土砂を自在に操り、瞬時に巨大な剣や盾を築く。敵が迫れば自身の身体を鎧へと変え、地響きと共に侵入者を砕く。その拳が大地を叩く時、閉ざされた物語が再び動き出す。	OKです。
C516	刻女神・ムメイラ	佐怒賀		キャラクター	光	500	500	SSR		歯車の刻む音に合わせ、崩れかけた世界の時間を編み直す。止まったままの蒸気機関に黄金の光を注ぎ、未来への道筋を繋ぎ止める。彼女が静かに手を開くたび、錆びついた過去は新しい輝きを取り戻し、失われた景色が再び動き出す。	OKです。
C517	崩壊演奏・ルシエル	佐怒賀		キャラクター	闇	500	500	SSR		蒸気の煙と電子ノイズの中、ルシエルがラッパを構える。影から６体の分身が滑り出し、合計７つのラッパが一斉に鳴り響く。街の回路を焼き切る終末の旋律は、都市の機能を強制停止させる。彼が調べを終えた場所には、灰の静寂だけが残される。	OKです。
C518	業炎操術・フロクス	佐怒賀		キャラクター	火	500	500	SSR		蒸気と魔導を融合させ、灰燼の魔導炉を操る火炎魔法を得意とする魔法使い。冷え切った機械の隙間に火を灯し、停止した電子回路を再起動させる。彼の手にかかれば、廃棄された鋼鉄も再び熱を帯び、新たな意思を宿して動き出す。	OKです。
C519	氷水魔法・ヒュドール	佐怒賀		キャラクター	水	500	500	SSR		ヒュドールは、蒸気と電子が渦巻く拠点で熱暴走を防ぐ上級魔法使い。彼女が指先を振るうたび、過熱した回路は冷気で鎮められ静寂を取り戻す。装置を守り続けるその瞳は、演算の果てにある未来をただ静かに見つめている。	OKです。
C520	森林守護・ドルモース	佐怒賀		キャラクター	木	500	500	SSR		狼の耳を持つ森を守護する少女。古木の根に神経を繋ぎ、森の鼓動と基地の信号をすべて読み取る。手にした蒸気弓で狙うのは、領域を荒らす侵入者のみ。張り巡らせた結界に触れれば、木々が即座に牙を剥き、その侵入を一切許さない。	OKです。
C521	蒸気駆動クロノス	佐怒賀		キャラクター	金	500	500	SSR		蒸気駆動クロノスは、沈黙した電子都市エリュシオンで稼働する。その歯車が逆回転を始めると、錆びた回路や壊れた金属は瞬時に新品の輝きを取り戻す。時間を巻き戻し、無機物の記憶を再生する姿は、終わりのない修復劇そのものだ。	OKです。
C522	地変地異エダホーマ	佐怒賀		キャラクター	土	500	500	SSR		地下帝国へと続く旧都市の回廊を管理する個体。演算による巨大歯車の回転で、強制的な地盤沈下を引き起こす。降り注ぐ土砂は侵入者を埋め尽くし、跡形もなく消し去る。地形の再編こそが、この機械の唯一の存在意義だ。	OKです。
C523	電豪雷轟ゼラノウス	佐怒賀		キャラクター	光	500	500	SSR		蒸気機関が唸る迷宮の深層。ゼラノウスの咆哮は回路を過負荷させ、侵入者を雷撃で塵へと変える。歯車が噛み合うたび奔流する電光は、この閉ざされた世界を維持するための、冷徹なる処刑執行プログラムとして機能する。	OKです。
C524	常闇番犬ケルベロス	佐怒賀		キャラクター	闇	500	500	SSR		秘密基地の光り無き闇が支配する最深部に座す魔獣。影を喰らい、三つの顎で敵を闇へ引きずり込む。光を遮断し、獲物の気配を完全に消し去る能力は、侵入者に逃げ場のない静寂を与える。ネットワークの深淵を巡る、影の番犬。	OKです。